Date,F85464,H89060,H87476,E79879,H10777,B89901,D90125,H90042,H90329,E89922,H88820,G79248,I83391,I86083,H11748,H86435,E76201,H75154,H88908,H89154,H88223,E26201,H88604,I79507,I83844,H88291,H75331,F87214,E78915,D23660,H86820,D78749,D62958,H86454,H89256,F67774,G19502,H86942,H75152,H85942,H87133,H85259,H89826,B88888,G10182,G23297,C75342,E89070,D61743,D85571,E85013,H89823,D70578,H75367,I85077,B89976,E17444,H69331,H79238,G16678,E79094,F77595,D80307,G90387,H90260,I84385,E85424,G84167,G89449,E11762,H88225,G31668,E89456,G86866,B78841,I84624,H11285,F89125,I89393,D75976,I87508,H75069,F11674
Y2005M1,-0.028006,-0.069402,-0.040173,-0.321767,-0.042159,0.15438,-0.1936,-0.038001,0.050847,0.045418,-0.081141,0.240642,0.121864,-0.103232,-0.079101,-0.039726,-0.016178,-0.000521,0.001562,-0.044086,-0.027187,-0.126828,-0.030547,-0.253268,0.179381,-0.034973,0.040334,-0.115658,-0.036364,-0.008208,-0.000278,-0.046707,0.006794,0.033866,-0.091346,-0.036992,0.110503,0.048387,-0.034928,0.006289,0.057823,-0.050541,0.09667,-0.011995,-0.074229,0.072427,0.147294,-0.015851,0.025181,0.180653,-0.04328,-0.019883,-0.042129,-0.004299,-0.121265,0.02649,-0.073379,-0.02104,-0.096277,-0.025086,-0.078577,-0.105146,-0.016939,0.059322,-0.031596,0.157018,0.185078,-0.081746,-0.154597,-0.060393,-0.058811,-0.020369,-0.00262,-0.062031,0.033505,-0.092924,-0.046743,-0.021215,-0.067315,-0.14702,-0.146296,-0.0125,0.015766
Y2005M2,0.050597,-0.01159,-0.007152,-0.111628,0.040775,0.21134,-0.09127,0.033564,0.013817,0.047301,-0.022077,-0.079741,0.002556,0.001502,0.08413,-0.05165,0.036314,-0.053299,0.002527,0.078601,0.023487,0.095006,-0.000213,0.267173,0.073427,-0.001016,0.001476,-0.052314,0.003538,0.013793,0.02723,-0.025126,-0.006531,0.167776,0.046863,0.009603,0.006395,0.016512,0.03973,0.010417,-0.020315,0.083994,-0.000422,0.068547,-0.024744,0.006647,0.132715,0.08941,0.030572,0.146101,0.140476,-0.002994,-0.057652,0.004924,-0.2612,0.070968,-0.066765,0.011378,0.010593,0.052047,0.090793,0.078915,-0.012923,0.005714,0.026442,-0.081563,0.078261,-0.001751,0.024062,0.030446,0.005481,0.029703,-0.012259,0.091194,0.214464,0.039434,-0.037452,0.053147,-0.069565,-0.09472,-0.044053,0.012658,0.009359
Y2005M3,-0.11505,-0.026052,-0.01921,-0.125654,-0.00768,-0.035934,-0.008734,-0.048887,-0.006205,0.061119,-0.043739,-0.025761,0.223391,0.024488,-0.010558,0.024206,-0.032119,-0.04726,0.058479,-0.016092,-0.016621,0.448832,-0.022295,0.037269,-0.289902,0.000189,-0.038838,0.140127,-0.008226,-0.056418,-0.050178,-0.033505,-0.04711,-0.019056,0.007357,0.031682,0.037123,-0.037794,-0.011382,-0.076923,-0.048382,0.022758,-0.113924,-0.043699,-0.095877,-0.043317,-0.195412,-0.094179,0.021004,-0.276055,-0.131524,-0.005425,0.045017,-0.010266,-0.069252,-0.003012,-0.034783,-0.037831,-0.077568,-0.108949,0.109296,-0.125868,-0.05985,0.140341,-0.010706,0.094776,-0.008387,-0.219298,0.039474,-0.062366,-0.022263,0.009615,0.004472,-0.079107,-0.213552,-0.060206,-0.085038,0.017132,0.014019,-0.154374,-0.110599,0.015625,0.04014
Y2005M4,-0.108844,-0.051611,-0.054543,-0.113772,-0.122011,-0.257724,0.044053,0.0725,-0.032258,-0.385381,0.037037,-0.014423,-0.143006,-0.102927,0.080183,0.076809,-0.078344,-0.056553,0.178203,-0.015888,-0.022586,0.010845,-0.0299,-0.095477,-0.020642,-0.054265,0.035358,-0.24581,-0.029028,-0.065844,-0.019919,-0.048,-0.030181,-0.054117,-0.079365,-0.047368,-0.030617,0.036325,-0.036913,0.031818,0.057458,-0.041854,-0.149048,-0.015171,-0.014301,-0.066814,0.074168,0.046395,0.001756,0.059488,-0.074519,0.008516,-0.010287,0.005039,-0.133929,-0.129909,-0.047093,-0.04325,0.067386,-0.01622,-0.032258,-0.165431,-0.082228,-0.044345,-0.046915,-0.063699,-0.051724,0.067416,-0.169982,-0.103211,-0.042411,-0.019048,0.0748,-0.093176,-0.086162,-0.102677,-0.105124,-0.029191,0.064516,-0.031102,-0.010363,0.098462,0.010334
Y2005M5,-0.032231,0.095304,-0.040785,0.033784,0.01564,0.142385,-0.168776,0.021127,-0.069444,0.108017,-0.045357,-0.036585,-0.112462,-0.347471,-0.065797,-0.103448,0.033408,0.086334,-0.106125,-0.020005,0.039222,0.030191,0.059843,0.116667,0.545667,0.056303,0.02343,0.002469,0.017694,0.046126,-0.00972,0.096639,-0.020451,0.027867,-0.007837,0.031874,0.054169,0.022822,-0.011207,-0.033333,0.013467,0.070516,0.047566,0.036136,-0.017246,0.113018,0.148997,-0.059445,0.022039,0.122965,-0.046753,-0.066727,-0.011617,0.0107,-0.016495,0.135417,0.088678,0.023288,0.045337,0.063412,0.059058,0.039645,0.143064,-0.051095,0.061691,0.562546,-0.06175,0.005348,-0.03159,0.025746,0.091142,-0.019417,0.134217,0.16081,-0.074286,0.027384,0.031589,0.058133,0.237229,0.010468,0.04712,0.434174,0.034603
Y2005M6,0.051709,-0.030265,0.017638,-0.006536,0.109515,0.050029,0.461929,0.029431,-0.040597,0.134851,0.040404,-0.113924,-0.089041,0.0275,0.073163,-0.008462,-0.081743,0.031191,-0.079569,-0.022722,0.004746,-0.097871,-0.014779,0.096517,-0.022727,0.004314,-0.080722,0.147783,-0.005396,-0.043844,0.041063,0.062005,-0.016641,0.069831,-0.056714,0.099992,0.014336,0.013265,0.00959,0.021462,0.090334,-0.010373,0.054487,0.082482,0.019499,0.064593,0.093234,-0.005354,0.004702,0.043,-0.019074,0.03401,0.003634,0.004854,0.177061,0.12844,0.001582,0.045946,0.11235,0.134764,0.051317,-0.026026,-0.018963,0.157143,0.031236,0.115637,0.060695,-0.001064,0.050619,0.000835,-0.021459,0.030693,0.025754,0.058572,0.067901,0.072822,0.066986,-0.062739,0.148355,-0.012431,-0.0605,0.177734,-0.005364
Y2005M7,0.125833,0.048375,0.036831,-0.006579,0.162228,0.100248,0.067708,0.038486,-0.026993,0.051182,0.009386,0.268571,0.090226,0.208435,0.051485,-0.008534,0.111765,-0.039413,0.020396,0.068472,0.041472,0.083359,0.049655,-0.106171,0.108527,0.045316,-0.027062,0.26824,0.097046,0.148446,0.044084,0.006211,-0.009231,0.070866,-0.004354,0.033636,0.040661,0.029382,0.072753,0.014302,0.013672,-0.016509,0.196555,0.176837,0.05929,0.021224,0.169182,0.081266,-0.014778,0.12464,0.055556,0.042513,0.037701,0.01462,0.00609,0.00542,0.085274,0.007752,0.081415,0.04309,0.014969,0.078277,0.016108,0.117759,0.062199,0.077441,0.145122,0.215122,-0.116702,0.090818,0.06336,0.007797,0.068149,0.120241,0.291907,-0.0315,-0.052418,0.125471,0.131018,0.153846,0.064396,-0.283582,0.004918
Y2005M8,-0.019985,-0.00769,0.022388,0.046358,-0.017857,0.084355,-0.097561,-0.031661,0.005806,-0.055524,-0.02289,0.027027,0.265517,-0.05906,0.063784,-0.077953,-0.007055,-0.05458,0.02148,0.043042,-0.008132,-0.007072,-0.018305,-0.036041,-0.123077,-0.037528,-0.006597,-0.204738,-0.042857,-0.069479,-0.048333,-0.018519,0.086956,0.063866,0.157275,0.019378,-0.03061,0.00396,0.001625,-0.003977,0.011115,0.058855,-0.071126,0.033233,-0.055713,-0.091687,-0.157719,-0.002307,0.0035,0.005115,-0.094737,0.032416,-0.017272,-0.000969,-0.166465,0.040431,-0.047723,-0.002564,-0.0375,-0.005542,-0.056108,-0.013994,0.137603,-0.282923,0.000825,0.405078,0.264901,-0.055062,0.128485,-0.016988,-0.006986,-0.028046,0.030222,-0.180402,0.006711,-0.152542,0.001431,-0.026004,0.161638,-0.021212,-0.125,0.013889,-0.02617
Y2005M9,-0.008308,0.0275,-0.011127,0.405063,0.035909,0.012004,-0.099099,0.03618,-0.009622,-0.098282,0.009517,0.282895,0.485014,0.092011,-0.075457,0.151998,-0.008191,0.012971,0.009638,0.019716,0.009357,0.181482,0.003142,-0.105319,-0.111643,-0.019549,-0.014407,-0.070213,-0.007463,-0.004849,0.013626,0.031447,0.071429,0.062749,0.136559,0.104654,-0.062163,-0.017857,0.068127,-0.017816,0.024445,0.177362,-0.036007,0.018661,0.002731,0.011036,-0.02082,-0.161616,0.010569,0.005513,0.165698,0.004167,-0.029773,0.008806,-0.01566,0.119171,0.128539,0.016861,0.003247,0.04306,0.050272,0.03564,0.302676,-0.028436,0.016722,0.106756,0.142313,0.090226,-0.182599,-0.005788,0.006414,-0.073632,0.25163,-0.106082,-0.102222,0.032432,-0.037143,0.13887,0.205473,0.114551,0.154286,0,0.013218
Y2005M10,-0.031226,0.004866,-0.000888,-0.054054,-0.021389,-0.075046,-0.026,-0.031349,0.044444,-0.067202,-0.016035,0.008547,-0.218349,-0.084259,0.079692,-0.134167,-0.140036,-0.006203,-0.010145,-0.003822,-0.022225,-0.074994,0.002511,0.140082,0.364452,-0.01406,-0.062967,0.029748,0.002313,-0.012424,0.019287,0.02439,-0.0464,-0.090367,-0.003218,-0.024223,0.04557,-0.037602,-0.027991,-0.039505,0.002481,-0.014592,0.012293,-0.089902,-0.056388,0.014909,-0.187712,-0.074321,-0.17007,-0.00717,0.022444,-0.001787,0.036016,-0.057926,-0.036364,-0.115741,-0.208136,-0.013074,-0.021485,-0.033511,-0.034605,0.111557,-0.067608,-0.176829,-0.022159,0.064922,-0.147917,-0.12931,-0.051248,-0.074272,-0.02426,-0.118153,-0.053158,-0.072671,-0.136139,-0.013613,0.048403,-0.039339,0.01616,0.022778,0.019802,-0.006849,-0.058003
Y2005M11,-0.037736,-0.024697,-0.002371,0.22381,0.122575,0.022195,-0.065708,0.022068,-0.007509,-0.011828,0.058889,-0.069492,0.157277,-0.10699,0.226483,0.163793,0.106889,0.102074,-0.004392,0.094335,0.041577,0.136601,0.033605,0.104285,-0.218421,0.044348,0.012328,0.044444,0.000577,0.103108,0.00172,0.255952,0.020694,0.014953,0.074887,0.038913,0.006934,0.005313,0,-0.019183,0.003099,0.043915,0.127043,0.015069,0.134815,0.043547,0.067448,-0.01725,-0.015002,0.124469,-0.151219,0.010804,0.005744,0.009015,0.33412,0.251309,0.178388,-0.018325,0.022313,-0.022111,0.109548,0.067854,0.10234,0.262222,0.056377,0.066163,0.246944,0.134653,-0.085873,0.08839,0.074589,0.034105,0.007226,0.137557,0.154728,-0.175159,0.048548,0.045311,0.042787,0.091146,-0.106796,-0.048069,0.010185
Y2005M12,0.044935,-0.000745,0.012604,-0.081712,-0.068144,-0.034982,-0.197802,0.077597,0.017654,-0.062387,-0.019238,0.063752,0.166329,0.078275,-0.114214,0.267407,-0.04652,-0.018719,0.016765,0.050732,-0.000295,-0.299312,-0.000315,0.056569,-0.250842,-0.005991,0.030905,0.021277,-0.006344,-0.080277,-0.035149,-0.136502,0.047671,0.018099,0.154354,0.024791,-0.031086,-0.007447,0.039401,0.019084,0.034932,0.05337,-0.072524,0.019193,0.007632,-0.025706,-0.053408,0.076113,-0.070614,-0.055157,-0.048851,-0.008363,0.093177,-0.005451,0.083684,0.382845,-0.072052,0.04,0.045471,-0.029805,0.119867,0.059166,0.008929,0.244131,0.01202,-0.066593,-0.07451,0.030973,-0.095455,0.052888,-0.025098,-0.045936,-0.13,-0.233419,0.052109,0.076577,-0.076714,-0.024566,-0.017429,0.0454,0.005435,-0.087155,0.001489
Y2006M1,0.044566,0.037515,0.04464,0.322034,0.101135,0.1575,0.345205,0.061043,-0.0375,0.248743,0.002867,-0.152397,0.217391,0.066667,0.011059,0.088252,0.117017,-0.031981,0.08087,0.148577,0.030686,0.042553,0.034399,0.196018,-0.006742,0.012582,0.056198,0.404167,0.041788,0.03574,-0.025501,0.102375,0.025889,0.146094,0.015088,-0.007306,-0.022142,0.039914,0.090374,0.04566,0.01118,0.067157,-0.019214,0.266588,0.040899,0.052768,-0.038462,0.02239,-0.11148,0.131547,0.135952,0.098182,-0.012683,0.028511,0.127778,0.217852,0.233333,0.029487,0.107603,-0.025424,0.089242,-0.019918,-0.045512,-0.085849,0.068279,0.023543,0.33411,0.055794,-0.033501,-0.013266,0.041633,0.037037,-0.078544,0.017208,0.438679,0.111178,0.115575,0.14994,0.018108,0.085714,0.037838,-0.011111,-0.022922
Y2006M2,0.059132,-0.026341,0.04507,-0.025641,-0.025513,-0.12311,-0.01222,0.030559,-0.006494,-0.032528,0.00965,0.20202,0.107143,-0.325694,0.06285,-0.097297,-0.028764,0.002705,0.024135,-0.055024,0.003907,-0.017268,-0.015258,-0.008139,0.219457,0.010603,0.018277,-0.099406,0.000557,-0.02723,0.042368,0.107143,0.009432,-0.092265,-0.011276,-0.01824,0.038008,0.033403,0.024527,0.041894,0.002995,0.021658,-0.016857,-0.037287,0.007276,0.023342,-0.032562,0.003336,-0.060119,0.042403,0.18883,0.048333,0.010611,0.015449,-0.011823,0.113043,-0.095708,0.004981,0.025071,0.089131,-0.063119,-0.025695,0.111258,-0.129515,-0.007626,0.102463,-0.193267,-0.043089,-0.091854,0.057704,-0.012551,-0.041667,0.085239,0.034304,0.073771,0.087144,-0.011561,0.061153,-0.02686,-0.004386,0.020833,0.051364,0.026066
Y2006M3,0.00424,0.021151,-0.013784,0.371711,0.032673,0.009606,0.078351,0.049744,0.005882,0.027217,-0.088496,0.305882,-0.112258,0.201854,0.044405,0.01497,-0.066716,-0.082865,-0.034564,0.010127,0.018859,-0.068051,0.01679,0.058933,0.074212,0.014507,-0.037591,0.008237,-0.014477,0.037235,-0.020024,-0.096774,0.006313,0.042442,0.165794,-0.047937,-0.038564,-0.071138,-0.000684,-0.044014,0.02742,0.006213,0.112141,-0.056708,-0.111245,0.016807,-0.060994,-0.022839,0.05652,-0.102034,-0.176734,0.0864,0.058303,0.015332,0.195939,0.033482,-0.007394,0.0175,0.065325,0.015968,0.132365,-0.05871,-0.032578,-0.114404,0.03241,0.147524,0.394685,0.075862,0.341603,0.047366,0.021903,0.018012,0.096525,0.085416,0.016794,0.095992,0.014845,-0.020638,0.081313,0.079295,0.066326,0.099237,-0.06224
Y2006M4,0.0943,0.012524,-0.01014,-0.16307,-0.008964,0.030739,-0.032505,-0.008447,-0.009836,-0.000312,-0.0164,-0.037323,0.010174,0.0497,-0.071657,0.092625,0.086803,-0.011611,0.012391,0.116253,0.010834,-0.024683,-0.001174,0.108841,-0.020725,-0.00388,0.005943,-0.03268,-0.021469,-0.015016,0.043344,-0.071429,0.028858,0.050368,0.023004,0.021777,-0.027823,-0.060573,0.061175,0.025371,0.004643,0.138758,-0.039167,0.057559,-0.005148,-0.073136,0.193231,-0.069527,-0.089033,-0.115138,0.05163,-0.013827,-0.010471,-0.007608,-0.030985,0.190065,-0.012238,-0.012285,-0.037489,-0.004912,-0.090294,0.100971,0.075359,0.042169,0.009577,0.062362,0.015949,-0.004006,-0.071124,0.050432,-0.006125,-0.040879,-0.019366,-0.179298,0.066066,0.03386,-0.021448,0.063438,0.022422,-0.009388,0.076555,-0.027778,0.017211
Y2006M5,0.003215,-0.102284,-0.04157,-0.131805,-0.012861,-0.104142,-0.057312,-0.020741,-0.02649,-0.119426,-0.033744,0.062834,-0.132086,0.122449,0.023072,-0.165761,-0.057102,-0.142247,0.079021,-0.048363,-0.032675,0.05659,-0.036435,-0.124524,0.003527,-0.014608,-0.013443,0.027027,0.027136,0.009052,-0.018694,0.027473,0.169756,-0.027826,-0.131393,0.038227,-0.030169,-0.008264,-0.058018,0.000608,0.000662,-0.013876,-0.00477,-0.053725,-0.011166,-0.062819,-0.18283,-0.037361,-0.081795,-0.095137,0.124031,-0.062469,0.024074,0.019497,-0.328515,-0.072595,0.033987,-0.001244,-0.07352,-0.004195,-0.105155,-0.039842,-0.052763,-0.237636,-0.053128,-0.332987,0.093776,-0.019592,-0.081164,-0.036008,-0.076049,-0.086162,-0.113106,-0.151979,-0.005634,-0.01572,-0.040639,-0.015807,-0.065789,-0.159456,-0.146667,-0.05,-0.008828
Y2006M6,-0.160897,-0.00106,0.006088,-0.165017,0.063371,0.106209,-0.150943,0.022456,-0.075918,-0.026204,0.069433,0.128302,-0.14622,0.046545,0.052819,-0.147883,-0.128846,0.045853,0.021642,-0.032152,-0.000303,-0.026281,0.000863,0.020319,-0.001758,3.5e-05,0.01265,-0.065789,-0.004497,-0.061379,0.052809,-0.076923,-0.029399,0.025157,-0.042229,-0.056175,0.104434,0.057554,0.011765,-0.023897,-0.017631,-0.010716,0.01525,0.044574,0.055081,-0.008174,-0.118306,-0.063253,-0.186598,0.134371,-0.055172,0.021093,0.050891,0.012863,-0.008621,-0.035225,-0.055652,-0.001256,0.065854,0.087021,-0.26479,0.218394,-0.046824,-0.176917,-0.004993,-0.068176,0.047123,0.16403,-0.128333,0.025292,-0.010104,0.024286,0.155782,-0.181705,0.382436,-0.045253,0.008091,-0.018942,-0.017335,-0.062745,-0.114583,0.048872,0.020658
Y2006M7,-0.106952,-0.001326,-0.045688,-0.15415,0.033217,0.115357,-0.076543,0.064633,0.082267,0.144364,-0.022016,-0.19398,0.108738,0.061848,-0.056933,-0.011468,-0.103311,-0.066603,-0.059512,-0.001607,0.000407,-0.051589,-0.019943,-0.330014,-0.021127,-0.041385,0.032207,0.06162,-0.001129,-0.112173,0.013123,-0.073214,0.047476,0.03348,-0.052128,0.071827,0.043265,0.060502,0.038732,0.041139,0.052172,0.026096,-0.165236,0.068176,-0.029496,-0.107438,-0.179471,0.114951,-0.02746,-0.087282,0.03163,0.03838,0.06136,0.033471,-0.109699,0.032454,0.012523,-0.006289,0.026877,0.048948,-0.097656,-0.112129,-0.052114,0.037871,-0.050734,-0.117286,0.024867,-0.013591,-0.00956,-0.149867,-0.036241,-0.030683,-0.098882,0.09962,-0.068648,-0.08829,0.029524,-0.063942,-0.239618,0.029812,-0.111765,0.060932,0.038782
Y2006M8,0.006844,0.066932,-0.013316,0.060748,-0.054837,-0.036403,-0.676471,0.073771,-0.011684,0.04544,-0.029226,-0.027662,-0.031524,-0.13678,0.004202,0.20765,0.130478,0.081879,0.056017,0,0.024139,0.179035,0.027201,0.0069,-0.07554,0.024424,0.017031,-0.067993,0.016959,0.049008,-0.008636,0.038356,-0.017227,-0.05081,0.080247,0.057905,0.058946,0.006501,0.034551,0.042279,0.057106,0.078516,0.020566,0.015257,-0.061592,0.187346,0.056229,0.075269,0.068824,0.030965,0.372759,0.049587,0.035059,0.064919,-0.126972,0.006876,0.133698,0.022785,0.088146,0.041212,0.164502,-0.006302,-0.257999,0.126233,0.017029,0.095856,-0.091135,0.266912,-0.189189,0.043526,0.079799,-0.05036,0.205095,-0.067773,-0.09571,0.186544,-0.042553,0.025486,-0.032383,-0.036059,0.348079,-0.043919,-0.013705
Y2006M9,-0.121495,0.077919,0.017742,-0.035242,-0.0226,-0.108889,-0.231405,0.039624,-0.023644,0.057143,0.001627,0.223329,-0.079693,-0.11903,0.077107,0.193277,-0.040227,0.122434,-0.011051,0.036673,0.022397,0.022915,0.023378,0.02214,0.101167,0.051196,-0.028249,-0.256228,0.056142,0.10262,0.047731,0.150478,0.141695,-0.036704,-0.083176,-0.024565,-0.102507,0.023835,0.01413,0.01718,-0.070052,-0.009826,-0.056927,-0.026812,0.047005,0.04471,0.016117,-0.007353,-0.045759,0.036219,-0.01383,0.00099,-0.037236,0.03855,0.096746,-0.096585,-0.12018,0.02372,-0.005028,-0.028139,0.064853,-0.025368,-0.067319,0.145359,0.018793,-0.024602,-0.118635,-0.092861,0.164286,0.035338,0.040064,0.041667,-0.113475,0.029674,-0.126521,0.017612,-0.00628,0.016631,0.137862,0.139621,-0.09609,-0.010601,0.006828
Y2006M10,0.096712,0.021016,0.040254,-0.170662,-0.017268,0.112469,-0.139355,0.096814,0.143885,0.003738,0.011443,0.015116,0.007997,-0.110155,-0.015538,0.533045,0.162187,0.038061,0.051244,0.043658,0.035115,0.064815,0.033041,0.143889,-0.178445,0.051151,-0.004715,0.047847,0.138421,0.01396,0.065804,0.021505,-0.02303,0.042657,0.002275,0.029262,-0.015995,0.033014,0.092868,0.019366,0.090846,0.008119,0.070513,0.006363,0.077197,0.158144,0.100216,0.066815,0.325731,0.113385,-0.047038,0.093035,0.059085,0.030185,0.093825,0.071351,0.113221,0.032524,0.05671,-0.02809,0.0049,-0.047641,0.015092,-0.006116,0.039585,0.022255,0.163712,0.106846,-0.092025,0.051997,0.035443,-0.006545,0.104615,0.188761,0.154596,0.123259,0.105496,0.135706,0.214223,-0.050855,-0.016304,-0.007143,0.094435
Y2006M11,-0.037919,0.028048,0.038087,0.271851,0.062567,0.075992,0.09945,0.031671,0.006289,0.084789,0.034343,-0.021764,0.062378,-0.01354,-0.001132,-0.063875,0.05488,0.009115,-0.007099,0.094081,0.021234,-0.003647,0.024899,0.062218,0.135484,0.005931,0.024876,0.091324,-0.029126,0.019324,-0.000792,0.036842,0.012535,0.085771,-0.009081,0.05068,-0.071257,0.012448,0.067757,0.046984,0.010668,0.071621,-0.026946,0.06001,0.06277,-0.017769,0.060725,0.013193,0.097045,0.048239,-0.171846,-0.074142,-0.022051,0.054891,0.022727,0.295661,0.069645,0.023328,0.056836,-0.042908,-0.009753,-0.071498,0.156755,-0.003077,0.038808,0.224093,0.074911,0.148538,0.038288,0.069584,0.038556,-0.019034,-0.045905,0.064242,0.012063,0.039083,-0.073502,-0.013454,0.058568,-0.009742,-0.171271,-0.136691,0.03654
Y2006M12,0.12099,-0.019142,0.061856,-0.098485,0.016863,-0.029167,0.397727,0.146827,0.03375,0.065223,0.103516,0.131148,0.082569,-0.004902,0.014164,-0.099697,-0.11223,0.001225,-0.002145,0.055614,0.013497,0.071791,0.001714,0.013582,0.00947,0.023103,-0.00937,-0.041841,0.000952,-0.059005,0.030579,-0.062944,-0.08629,-0.028034,0.088661,0.036076,0.133366,0.030928,0.020788,-0.04442,-0.012013,0.009428,0.019487,0.065053,-0.094452,-0.005058,-0.017298,0.074287,0.023558,-0.059898,-0.033113,0.007459,0.021759,0.026471,-0.011679,0.027259,-0.073403,0.023002,-0.008625,0.075023,-0.134344,-0.050132,0.190771,0.009259,-0.012773,0.016397,-0.074888,-0.008147,0.088937,-0.025169,-0.013714,0.08209,0.167922,-0.114465,-0.195471,0.022062,0.05538,-0.050384,-0.116803,0.091982,-0.093333,0.13,0.039286
Y2007M1,0.022077,0.007851,0.04577,0.067227,0.011597,-0.022103,-0.00935,-0.018031,0.066951,-0.052057,0.017794,0.130435,-0.044068,-0.039409,-0.01229,-0.024,0.02058,0.051172,-0.047368,0.017609,0.018284,-0.054374,0.026001,0.052345,-0.013133,0.035301,0.028007,0.320961,-0.00666,0.036263,0.029152,-0.038846,0.0273,-0.00921,0.076557,-0.050358,-0.012857,-0.002012,0.018705,0.040284,0.063757,0.019718,-0.021127,-0.093628,-0.019276,0.046088,-0.068525,0.074509,0.187302,0.164336,-0.006849,0.013903,-0.028761,-0.052122,-0.242245,0.022762,-0.0706,0.009467,0.047595,0.109666,-0.022811,0.061667,-0.013233,0.116972,0.039034,-0.042787,-0.050051,0.016427,0.035857,0.04272,0.016162,0.067586,-0.038287,0.071383,-0.035556,-0.124912,0.167582,0.037528,-0.117943,0.026577,0.102941,-0.153392,-0.04214
Y2007M2,-0.0552,-0.016092,0.011141,-0.088302,0.022099,-0.150538,-0.097251,-0.102197,0.028689,0.055442,-0.078671,0.018315,-0.088652,0.035897,-0.005679,-0.198696,0.058025,-0.093968,-0.070316,-0.025605,-0.016639,-0.045833,-0.01878,0.035416,0.043726,-0.023926,0.00016,0.004959,0.250958,-0.009235,-0.040727,0.049654,0.107087,-0.020485,0.059343,-0.038566,-0.011534,0.01217,-0.017488,-0.004897,-0.017098,0.098019,0.03443,-0.060627,0.00377,0.076704,-0.128009,0.000594,0.040107,-0.074074,-0.066667,0.003448,-0.036447,0.051083,-0.002924,0.086795,0.026786,0.010563,-0.010345,0.004102,0.116715,0.03663,0.018155,-0.011636,0.000229,-0.133122,0.034946,0.00303,0.046154,0.039311,-0.027291,-0.010336,-0.128339,-0.055222,-0.013825,-0.002426,-0.12902,-0.024114,-0.012275,0.002633,0.113333,-0.033101,-0.00151
Y2007M3,-0.173582,0.019522,-0.060526,-0.060456,-0.039352,0.018083,-0.181818,0.010446,-0.036778,-0.015364,0.156357,0.119604,-0.169261,-0.057426,-0.005425,-0.029843,0.004293,0.009044,-0.04349,0.037107,0.010064,0.127511,0.005489,-0.000769,0.127505,0.002706,0.009823,-0.101974,0.066616,-0.105993,0.009613,0.025302,0.001778,0.062687,-0.032694,0.05213,0.026622,0.014113,-0.038296,-0.004954,-0.04468,-0.028083,0.018381,0.087626,-0.039431,-0.034737,-0.171311,0.013528,0.086168,-0.146667,0.110838,-0.003951,0.019267,0.015917,-0.043011,-0.019113,0.314087,0.004672,0.005226,0.101794,-0.198728,-0.099316,0.071566,0.09349,0.012252,-0.005072,0.124156,0.086005,-0.086397,0.031605,0.002968,0.019582,0.013931,-0.006353,-0.193146,0.015403,-0.028816,0.060356,0.029294,0.028446,0.041916,0.08018,0.046004
Y2007M4,-0.047131,0.031728,-0.012605,0.082075,0.009453,0.116975,0.722222,0.035335,0.017444,0.076749,0.015753,0.032932,0.105386,-0.034664,-0.033161,0.100671,0.145744,0.043321,-0.007923,0.092858,0.039569,-0.022721,0.042214,0.025769,-0.059774,0.01757,0.00016,-0.03663,0.015793,0.03795,0.021423,-0.009657,0.039049,0.051261,-0.070912,0.074219,-0.043365,-0.048,0.007361,0.020629,0.044269,0.11615,-0.009268,-0.023508,-0.00754,-0.04893,0.083749,0.059361,0.12884,0.021959,0.022173,0.000998,-0.000233,-0.05283,-0.018386,-0.027159,-0.078084,0.043124,0.012627,0.044602,0.088276,0.108298,0.115736,-0.115263,0.048869,-0.057102,0.166821,0.425023,-0.024145,0.067616,0.04949,0.017926,-0.058542,-0.059299,0.042471,-0.031138,-0.025725,0.125244,-0.043984,0.068085,0.109195,0.12427,0.056159
Y2007M5,0.152688,0.046237,-0.04,-0.2054,-0.045145,0.007497,-0.103226,-0.015471,-0.022745,0.061463,-0.075325,0.285381,-0.04661,0.141458,-0.013723,-0.413846,-0.029851,0.038863,-0.026241,-0.009586,0.036899,0.182827,0.034304,0.023997,-0.091065,0.029928,0.000161,0.06654,0.183746,0.023752,0.009581,0.416035,0.008883,0.077797,0.066978,0.027972,0.029784,0.062368,0.085359,-0.002644,-0.115141,0.088736,0.109306,0.119924,0.037141,0.027653,-0.003447,-0.026746,0.16037,-0.116116,-0.008677,0.013534,0.003722,-0.059854,0.086368,-0.037223,0.09198,0.018972,0.03478,0.02999,-0.009871,0.051777,0.010045,-0.124553,0.041199,0.101838,-0.039208,0.168037,-0.016495,0.055599,0.042741,0.059119,-0.023477,-0.001433,-0.112963,0.151628,-0.06385,0.125157,-0.012183,0.090837,-0.15544,-0.208457,0.045266
Y2007M6,0.005597,-0.022199,-0.031415,0.025582,0.004826,-0.086358,0.971223,-0.108288,-0.009357,-0.107221,-0.049508,0.088324,-0.068889,-0.021926,-0.007864,-0.060367,-0.060042,-0.033109,0.061804,-0.065455,-0.019355,0.036855,-0.013442,-0.016844,0.020794,-0.017745,-0.035437,0.078431,0.084179,0.027894,-0.04079,-0.0625,-0.078226,0.013078,-0.051435,-0.055028,-0.035232,-0.026026,-0.042708,-0.03051,0.009068,-0.054652,-0.007989,0.208954,0.043407,-0.081352,-0.228884,-0.035998,-0.070071,0.008415,0.013129,-0.018905,-0.007764,-0.001566,0.033525,-0.172491,-0.039484,0.011084,-0.107271,-0.07223,-0.040435,-0.056188,0.047815,-0.103843,-0.006509,-0.081459,-0.073578,-0.011898,-0.201258,-0.007894,0.009034,-0.031707,0.173001,-0.113343,0.008351,0.075492,-0.029744,-0.034137,-0.114608,0.050402,0.067485,-0.098407,-0.078101
Y2007M7,0.032468,-0.034896,-0.026034,0.067014,-0.07572,0.013574,-0.178832,-0.077221,-0.02381,0.014303,-0.013668,-0.106726,-0.093079,0.07115,0.009146,0.138734,-0.066119,-0.09145,-0.064677,-0.085147,-0.032747,-0.06355,-0.021815,0.053631,0.134259,-0.051004,-0.009949,-0.064463,-0.029736,-0.072787,-0.113759,-0.01,0.028655,0.000145,-0.023172,0.05202,0.014699,-0.011375,0.021094,-0.063012,-0.014422,-0.116291,-0.111409,0.043188,-0.025741,-0.079604,-0.271028,-0.083991,-0.07018,-0.012054,-0.084233,-0.059184,-0.013817,-0.047233,0.015755,-0.004496,-0.072075,-0.02407,-0.09773,-0.077142,0.020843,-0.075443,-0.249017,-0.110401,-0.011265,-0.023589,0.067631,0.009174,-0.419947,0.044946,-0.010585,-0.15995,-0.068715,-0.056634,-0.014493,-0.208915,-0.03417,0.074252,-0.111398,0.016342,-0.109195,0.114345,-0.038158
Y2007M8,0.003594,0.030277,0.010377,0.01605,-0.013524,-0.095203,0.426667,0.071831,-0.04878,-0.109409,-0.024105,-0.016801,-0.128947,-0.063694,0.095559,0.162715,0.0276,0.036786,-0.027778,0.017044,0.011523,-0.020934,0.016414,0.002828,-0.221224,0.01156,0.032705,0.04417,-0.177072,0.002462,0.079462,-0.13468,-0.007857,0.012029,-0.068529,-0.037845,0.022295,-0.008421,-0.017742,0.004793,-0.034665,-0.036141,0.098691,0.036256,0.040566,0.070527,-0.070769,0.00733,0.013506,0.08259,-0.221698,-0.003275,-0.010686,0.010669,-0.057482,-0.000903,0.053223,-0.002242,0.138797,0.026772,-0.01154,0.000555,-0.062598,-0.323077,0.012976,0.05841,-0.019379,-0.155398,-0.20362,-0.026034,0.028528,-0.025487,0.227355,-0.095197,-0.176471,-0.002103,0.080708,-0.046666,0.016831,0.08895,0.032194,0.063433,0.030832
Y2007M9,0.12265,0.057082,0.00625,0.027472,-0.014528,0.196179,0.52648,0.057641,0.033333,0.023751,-0.010035,0.09557,-0.108761,0.008746,0.000222,0.011396,0.022292,0.062294,-0.025532,0.010512,0.037834,0.256814,0.03977,0.00282,-0.098532,0.007334,0.011833,-0.021997,0.12069,0.012278,-0.017806,-0.007782,-0.013859,0.074003,-0.053391,0.06084,0.048147,0.004274,0.056924,0.012597,0.009423,0.136699,-0.003666,0.367744,0.028982,-0.045423,-0.220751,0.033959,-0.031036,-0.041612,-0.033333,0.034179,0.135742,0.025261,-0.019361,0.066004,0.027513,0.032955,0.066194,0.072987,0.028829,-0.090251,-0.008562,-0.075758,0.047764,0.052174,0.048661,-0.055932,-0.278409,0.051157,0.037263,-0.007692,0.011834,-0.147867,0.165816,0.037927,0.052174,0.000488,0.184355,0.113572,0.862616,-0.175439,0.024263
Y2007M10,0.174641,0.0776,-0.028882,0.020053,-0.066342,0.216198,-0.259184,-0.003291,0.001252,0.0184,-0.021832,0.134604,-0.00339,-0.037572,0.056457,0.195071,-0.066565,-0.009292,-0.098812,0.020654,0.01807,0.014208,0.032984,0.07522,0.14186,-0.000148,-0.032947,-0.019031,0.110769,-0.013747,-0.019591,0.053922,-0.005475,0.025401,0.070871,0.157334,-0.160669,-0,0.133465,0.007364,-0.014381,0.062597,0.017939,0.300787,-0.019691,-0.074708,0.139518,-0.141993,0.095005,0.04749,-0.15047,0.011803,-0.000636,-0.01191,0.061204,0.275043,-0.048087,0.034874,0.046563,0.030505,-0.048599,-0.15493,0.151986,0.159016,0.033235,0.098623,0.080648,-0.084381,-0.220472,-0.065226,0.068312,-0.054264,-0.078947,-0.152392,0.111597,-0.025579,-0.112365,0.00128,0.275669,0.126534,0.496644,-0.117021,0.023947
Y2007M11,0.016293,-0.074239,-0.061721,-0.117955,-0.037708,-0.024787,-0.187328,-0.132601,-0.094375,0.01126,0.005816,-0.069246,-0.183673,-0.029029,-0.026316,-0.229303,-0.097541,-0.051271,-0.134629,-0.10901,-0.04443,-0.084608,-0.036352,-0.163779,0.01222,-0.044178,0.005336,-0.091711,0.023546,-0.125717,0.026037,-0.068837,-0.053037,-0.042112,0.003365,-0.059712,-0.074779,-0.003233,-0.013358,-0.013307,-0.050338,-0.111792,-0.047447,-0.147443,-0.043733,-0.09295,-0.150404,-0.068499,-0.210709,-0.162349,-0.147602,-0.073106,0.015476,-0.018449,-0.091163,-0.143808,0.004888,-0.043439,-0.000237,-0.019224,-0.216751,-0.169399,-0.217141,0.042433,-0.049596,-0.177783,0.057941,-0.118823,-0.252525,-0.030676,-0.079595,-0.098361,0.101058,-0.023622,-0.141732,0.038333,0.056385,-0.049162,-0.127314,-0.004132,-0.372197,0.084337,-0.011089
Y2007M12,-0.128925,0.034483,0.001369,-0.011887,-0.067426,0.093703,0.047458,-0.071768,-0.044168,0.077162,-0.02014,0.156455,-0.241625,-0.034021,-0.013514,0.03864,-0.00137,-0.013963,-0.026464,-0.003647,-0.00986,0.087596,-0.000272,-0.05864,-0.15493,-0.042481,-0.041652,-0.143689,-0.094993,0.050953,-0.085276,0.067932,0.007364,0.082738,-0.05913,0.03603,0.040722,0.040261,0.005602,0.001847,-0.051007,-0.015457,-0.13425,-0.092865,0.002925,-0.145897,0.065838,0.021937,0.041152,-0.068557,0.017316,0.023768,0.071816,-0.01681,-0.047083,0.006998,-0.027182,0.001239,-0.104488,-0.070957,-0.099115,-0.037719,-0.119686,-0.134328,0.015108,-0.134639,-0.01347,0.058559,0.324324,0.085545,0.011794,-0.005455,-0.119071,-0.318548,0.066514,-0.264446,-0.00157,-0.030658,0.152381,0.001509,-0.139286,0.2,-0.092966
Y2008M1,-0.069785,-0.099031,0.001709,-0.217293,-0.065204,-0.067118,-0.148867,0.124006,0.050328,-0.058413,0.003663,-0.190161,0.455964,-0.132337,0.075479,-0.063988,0,-0.002023,0.144628,-0.055408,-0.059716,-0.170524,-0.081928,-0.112541,-0.130952,-0.02054,0.043478,0.029478,-0.287978,-0.023795,0.058064,-0.01316,-0.09773,-0.122873,-0.12597,-0.041534,-0.079832,-0.025263,-0.17822,0.02139,0.093348,-0.093916,-0.044931,-0.132234,-0.088547,-0.050102,0.100892,0.181255,-0.259957,-0.095739,-0.097872,-0.044185,-0.059949,0.079867,-0.070892,0.275116,-0.075588,-0.01348,0.005834,-0.047173,-0.132286,0.403373,0.017831,-0.128527,-0.093516,0.059406,-0.124865,-0.088511,-0.061224,-0.14296,-0.129363,0.148081,-0.325275,0.191321,-0.034409,-0.084015,-0.04235,0.026764,-0.055222,-0.096045,-0.037344,-0.111111,-0.030255
Y2008M2,-0.184666,-0.041084,0.032082,0.263208,0.042907,0.13813,-0.022814,-0.044394,0.095833,-0.398519,0.053061,0.060748,0.033962,-0.03198,-0.050639,0.053226,0.027892,-0.10473,-0.031769,-0.138277,-0.027596,-0.031696,-0.0141,-0.222274,0.093151,-0.036988,0.052778,-0.140969,-0.046619,-0.10908,0.074303,-0.002239,-0.091684,0.092672,0.069672,0.021922,0.044663,0.016304,0.01484,-0.050131,-0.101578,-0.079193,-0.14171,0.14096,-0.029959,-0.007535,-0.05611,-0.036473,-0.133936,-0.063647,0.009434,0.044772,-0.028043,-0.005992,-0.004624,0.090303,-0.000956,-0.012422,-0.055097,-0.044204,-0.019623,-0.127639,0.034307,0.043166,-0.012124,-0.173231,-0.039622,0.01704,-0.065217,-0.023732,-0.03641,-0.092357,0.094463,-0.107616,-0.006681,-0.089339,-0.018242,0.102757,0.255666,0.124583,-0.146552,0.302083,-0.066151
Y2008M3,0.105157,0.005384,-0.003322,0.018251,-0.018039,0.056027,0.252918,-0.026316,0.010139,-0.117148,0.048062,-0.185022,-0.124088,0.069886,0.00889,-0.019142,0.062165,0.028717,-0.042506,0.040065,-0.008163,-0.100968,-0.004348,0.065584,-0.077694,-0.009166,-0.034106,0.023077,0.06652,-0.008339,0.080115,-0.016585,-0.021127,-0.0235,-0.035086,-0.030081,0.043276,-0,0.121485,-0.028194,0.047461,-0.09511,0.128342,-0.114496,-0.016492,0.011931,0.27609,0.034135,-0.077772,-0.573203,-0.018692,-0.091831,-0.069032,-0.018868,0.069686,-0.18677,-0.074343,-0.020356,0.083662,0.047423,-0.267802,0.192812,-0.221948,-0.010345,-0.026442,-0.042579,-0.006627,-0.123721,0.476744,-0.011906,0.002986,0.01579,-0.00602,-0.038961,0.11435,-0.11707,0.132883,-0.118275,0.097213,-0.070026,0.005051,-0.0664,-0.009797
Y2008M4,-0.024703,0.051986,-0.028667,0.068708,0.01019,0.183604,-0.13354,0.131989,-0.018987,-0.026923,-0.011465,-0.008108,-0.079167,0.026128,-0.026035,0.009368,0.042947,-0.007658,0.078906,0.095645,0.049337,-0.006923,0.056061,-0.2524,-0.130435,0.044838,0.045439,-0.145363,0.061545,0.037491,0.045891,0.113095,-0.023501,0.103835,0.15835,-0.046457,-0.085062,0.019762,0.079435,0.109078,0.061088,0.224376,0.09301,0.209551,0.024695,0.223181,-0.018116,-0.047521,0.106715,1.062787,-0.057143,0.127653,0.058255,0.012931,0.023887,-0.123119,-0.015722,0.035065,0.058487,0.072835,0.150106,0.239171,0.074178,0.106272,0.095462,0.109276,0.230041,0.021231,0.362205,0.102548,0.074857,0.088083,-0.170326,0.050193,0.303823,0.168889,-0.055695,0.075751,-0.077056,0.001195,0.221106,0.293916,0.036513
Y2008M5,0.046904,0.097137,-0.013448,-0.13557,0.132628,0.222295,-0.16129,0.029912,-0.044387,0.041008,0.048175,-0.153951,-0.095023,-0.045139,0.015431,-0.19451,0.103755,0.007219,0.02824,-0.046111,0.019632,0.195456,0.039455,0.046073,0.13125,0.013639,0.01719,0.058651,-0.010895,-0.00304,0.059432,0.031194,0.055501,0.051988,-0.02757,0.071856,0.036298,0.001882,-0.009009,-0.005628,-0.025084,0.124694,-0.017886,0.010802,0.088664,-0.033495,-0.088034,-0.018339,0.071496,0.216036,-0.093434,0.042792,-0.024587,0.008584,-0.082715,0.191888,0.075665,0.027604,-0.052057,0.017615,0.175551,-0.054965,0.058129,0.316535,0.049796,0.070256,0.020644,0.111746,0.560694,0.10633,0.062555,0.022222,-0.015511,-0.047794,0.135802,-0.142586,-0.106801,0.057837,-0.050657,0.04815,0.156379,-0.172185,0.097494
Y2008M6,0.092294,-0.087377,-0.147151,-0.081649,-0.123401,0.134182,-0.162393,-0.1758,0.005266,-0.223066,-0.211131,-0.427536,-0.1045,0.055758,-0.020081,-0.204479,-0.071691,-0.177234,-0.220423,-0.109648,-0.081432,0.058315,-0.063792,-0.148014,-0.165746,-0.10172,-0.031974,-0.229917,-0.177813,-0.101965,-0.082683,0.030973,-0.005584,0.031493,-0.124165,-0.006455,-0.097446,0.005371,-0.129665,-0.042838,-0.097759,-0.115761,-0.116998,-0.021152,-0.073791,-0.133151,-0.123121,-0.065247,-0.209055,-0.031135,0.103064,-0.031891,-0.038144,-0.042918,0.086705,0.084424,-0.090701,-0.04984,-0.060408,0.044501,0.290094,-0.013994,-0.177323,0.092105,-0.051323,-0.001075,0.079877,-0.125178,-0.166667,-0.121121,-0.095319,-0.119205,-0.236842,-0.206564,0.150815,0.105691,-0.236764,-0.092622,-0.141304,-0.13098,-0.081851,-0.1752,-0.028707
Y2008M7,0.059885,0.006566,0.173361,-0.037852,0.01441,-0.116987,-0.05102,-0.025245,0.008136,0.064142,0.236231,-0.068917,0.127862,0.040184,0.024785,0.062423,-0.016634,0.120752,0.281052,0.100861,-0.007998,0.002653,-0.027812,0.044068,-0.086093,0.004209,-0.017936,-0.032374,0.087081,0.072803,0.08854,-0.128755,0.035564,-0.159132,-0.025085,-0.000774,0.05629,0.010753,0.064867,-0.039525,-0.017473,0.037185,0.009375,-0.150743,0.028917,-0.026984,0.189848,0.012638,-0.197531,0.039698,-0.191919,-0.018177,0.039777,-0.036425,-0.040425,-0.251512,0.057768,-0.076179,0.049819,-0.020436,-0.009141,0.013646,0.051813,0.060241,-0.054253,0.029401,-0.140635,0.001626,-0.044444,-0.158056,-0.012917,-0.028196,0.136699,-0.065693,-0.226682,0.016043,0.262658,-0.050348,0.184887,0.200087,0.263566,0.154219,-0.034401
Y2008M8,0.030186,0.036616,0.081432,-0.070448,0.048905,0.027437,0,-0.018331,0.052455,0.335821,0.086296,0.046828,0.193069,-0.177704,0.031505,-0.210588,0.051953,0.014077,0.011323,-0.070168,0.016766,-0.069408,0.01911,0.086851,0.144928,0.058856,0.047405,0.074349,0.154049,0.082982,0.081108,0.025616,-0.010393,0.00336,-0.073714,-0.019876,0.064138,0.011777,-0.113779,0.01173,-0.010016,-0.079714,-0.033437,0.05686,-0.020935,0.02882,0.297507,0.050501,0.172028,-0.167273,-0.15625,-0.083185,0.023266,0.016114,0.002217,-0.124495,0.003739,0.025316,0.074451,-0.020156,0.041205,-0.063813,0.091133,0.219008,-0.005781,-0.041101,0.016069,0.001894,0.111628,0.030124,0.024491,0.023211,-0.048754,0.096354,0.19542,0.021053,-0.06015,-0.032797,-0.001619,-0.050965,-0.101227,0.008403,0.028795
Y2008M9,-0.117956,-0.10678,0.022395,-0.166339,0.20789,-0.259559,-0.306452,-0.286688,-0.083706,-0.297808,0.142175,-0.050505,-0.211618,0.065772,-0.065298,-0.216095,-0.097383,-0.046141,0.253324,0.040966,-0.081114,0.07699,-0.114769,-0.149365,-0.018987,-0.08587,-0.083914,-0.311419,-0.047292,-0.067857,0.013952,-0.009606,-0.06484,-0.149162,-0.011319,-0.038773,-0.150151,-0.022364,-0.11543,-0.119883,-0.193581,-0.113122,0.329917,-0.248385,-0.125659,-0.048626,0.054654,-0.108164,-0.128407,-0.031295,-0.222222,0.002279,0.06362,-0.127529,-0.289823,-0.229205,-0.068744,-0.263889,0.091476,-0.005069,-0.434164,-0.026863,-0.086916,-0.191525,-0.160605,-0.006569,-0.211234,-0.214835,-0.050209,-0.232304,-0.133607,-0.087902,-0.041715,-0.019002,-0.126437,-0.009021,0.152667,-0.109478,0.001297,0.080936,-0.392457,-0.166667,-0.035816
Y2008M10,-0.570698,-0.229545,-0.097778,-0.355372,-0.145698,-0.270418,0.023256,-0.346811,-0.126056,0.057528,-0.039105,-0.270517,0.273684,-0.389169,-0.073662,0.064639,-0.214499,-0.281471,-0.020705,-0.225352,-0.187673,-0.016653,-0.179207,-0.217735,-0.274194,-0.168932,0.002545,-0.38191,-0.154123,-0.174504,0.049177,-0.125121,-0.092285,-0.187994,-0.281346,-0.161826,-0.177649,-0.156787,-0.27357,-0.154362,-0.078358,-0.339286,-0.140173,-0.286613,-0.281407,-0.480156,-0.44413,-0.280824,-0.154969,-0.247934,-0.257143,-0.226916,-0.232069,-0.058311,-0.484424,-0.442977,-0.234182,-0.027736,-0.165335,-0.000728,-0.118449,-0.129118,-0.119754,-0.704403,-0.220549,-0.265613,-0.430744,-0.067705,-0.07489,-0.190815,-0.167405,-0.133679,-0.04474,-0.457627,-0.225146,-0.279584,0.023392,-0.164501,-0.198187,0.045777,-0.174204,0.2,-0.12014
Y2008M11,-0.005952,-0.087021,-0.128359,-0.501831,-0.080892,-0.26332,-0.227273,-0.36032,-0.06527,0.063657,-0.032157,-0.222917,-0.161157,-0.175258,0.045872,-0.252768,-0.104235,-0.15748,-0.054286,-0.208289,-0.081067,-0.020446,-0.082026,0.010101,-0.208889,-0.089711,0.024408,-0.138211,-0.214387,0.013502,-0.067297,-0.09867,-0.077192,-0.02179,-0.225532,-0.129703,-0.023861,-0.174847,-0.22067,-0.208835,-0.037772,-0.196111,-0.10084,0.003917,-0.186946,-0.286022,-0.096868,-0.196209,-0.114309,-0.073926,-0.551282,0.107449,0.030327,-0.09269,-0.305136,0.257019,-0.1619,-0.093069,0.012994,0.010561,-0.209275,-0.090442,-0.005814,-0.333333,-0.10224,-0.13907,-0.203239,-0.219231,0.161905,0.030694,-0.125095,-0.102895,-0.124841,-0.5,0.188679,0.061372,-0.014857,-0.284444,-0.07189,-0.233458,-0.530612,0,0.053541
Y2008M12,-0.185629,0.026494,-0.026775,0.341912,0.089114,-0.126371,0,0.133803,-0.052069,-0.353645,-0.140645,-0.126005,-0.024631,0.0025,0.011403,0.14321,0.089242,0.158095,0.029003,-0.045593,0.019071,-0.033945,0.02262,0.294444,0.050562,0.061982,0.058571,-0.358585,-0.022892,-0.032889,0.066168,0.166052,0.399009,-0.045171,0.158823,0.040381,-0.002829,-0.044259,0.155795,0.180412,-0.061149,0.055287,-0.167601,0.161322,0.022936,0.603916,-0.018548,0.083065,0.422053,0.11219,-0.285714,-0.326698,-0.08075,0.108143,0.934783,0.330465,0.024994,0.065502,0.026747,-0.045192,0.025836,0.134087,0.149123,0.234043,0.018122,0.269321,0.042175,-0.144039,0.086066,0.072723,0.024653,0.093362,0,0.455357,0.180952,0.07568,0.075406,0.050428,0.300696,0.105799,-0.072464,-0.05,-0.02662
Y2009M1,-0.323529,-0.055398,-0.150063,-0.005479,-0.084686,-0.133293,-0.215686,-0.013819,0.040899,-0.010101,-0.168168,0.052147,-0.111162,0.15212,-0.034837,-0.049676,-0.054433,-0.252056,-0.197175,-0.098018,-0.083654,-0.153208,-0.05282,-0.12103,0.197861,-0.089943,0.045918,0.338432,-0.304562,-0.020663,-0.092105,0.024457,-0.012917,-0.017794,-0.22994,-0.010685,0.111066,0.133915,-0.157349,0.219731,0.198108,0.041912,-0.15494,-0.096598,0.015135,0.040797,-0.094495,-0.099456,-0.229278,-0.29292,0.06,0.097059,-0.033855,-0.010979,0.042697,0.044042,-0.217849,0.047131,-0.184476,-0.14805,-0.137778,-0.223182,0.156614,-0.146552,-0.042557,-0.027214,0.194539,0.285681,-0.007547,-0.114464,-0.027739,0.071622,-0.330422,-0.276074,0.009409,0.036364,-0.215804,-0.09994,0.2091,0.047638,0.234375,-0.105263,-0.032801
Y2009M2,-0.23913,-0.038654,-0.111111,-0.239669,-0.234878,-0.196552,0.425,-0.248711,-0.05469,-0.081633,-0.288636,-0.163265,-0.149383,0.138528,-0.045181,-0.14455,0.057567,0.075316,-0.164956,-0.052177,-0.104932,-0.026031,-0.076968,-0.288086,-0.214286,-0.062516,-0.033496,-0.065934,0.380319,-0.087472,-0.093478,-0.120955,-0.058675,-0.123316,-0.363919,-0.103911,-0.12541,-0.150842,-0.232143,-0.095588,-0.013077,-0.151458,-0.13729,-0.001278,-0.045279,0.002735,-0.099819,-0.037912,-0.30876,-0.11797,-0.169811,-0.222283,-0.064193,-0.069091,-0.321121,0.074442,-0.395018,-0.073386,-0.089109,-0.077333,-0.276632,-0.248824,-0.034767,0.10101,-0.068533,-0.071124,-0.142041,-0.068266,0.117871,-0.167424,-0.034934,-0.088272,-0.226374,-0.254237,-0.241012,0.199847,-0.282835,-0.067746,0.002767,-0.188002,-0.531646,0.470588,-0.224058
Y2009M3,-0.185714,0.146274,0.195,0.177536,0.234464,0.109442,0.04386,0.120209,0.014978,0.237963,0.152077,0.289199,-0.044756,-0.422053,0.07224,-0.074792,0.08371,0.104295,-0.029851,0.262003,0.083195,-0.344536,0.077548,-0.292181,0.193182,0.092948,0.015878,1.047059,0.162492,0.218334,0.021064,-0.1551,-0.044843,0.037822,0.229829,-0.004169,0.088013,-0.008977,0.146179,0.020576,-0.018567,0.029126,0.156058,0.17072,0.259688,0.382727,0.15121,0.042262,0.247409,0.024883,0,0.280939,0.097231,0.042763,-0.015873,0.069284,0.462353,0.01985,0.118116,0.026609,0.342995,0.091848,0.07346,0.62844,0.078263,0.085817,0.460514,0.012871,0.659864,0.01964,0.119062,0.015214,0.46875,0.443182,-0.07193,0.13096,0.167636,0.057487,0.184327,0.027294,-0.054054,-0.409333,0.054539
Y2009M4,0.204678,0.102207,0.19735,0.418462,-0.092033,0.267311,-0.252101,0.320189,0.055877,0.050112,0.060455,0.527027,0.545455,0.055921,-0.079435,0.200599,0.066806,0.244444,0.090827,0.258636,0.110942,0.351231,0.112544,0.98062,0.12381,0.131639,0.02404,0.367816,0.035359,0.038026,0.043639,0,0.176056,0.078191,0.194831,0.055814,0.210709,0.108059,0.375551,0.142857,0.093702,0.13643,0.243339,0.106859,0.321855,0.17351,0.822242,0.205206,0.505711,-0.168437,0.040909,0.333896,0.109991,0.061146,0.329032,-0.144865,0.175382,0.073119,0.092109,0.01885,0.456835,0.213459,0.003653,0.633803,0.121076,0.261713,0.11987,0.212854,0.403688,0.201845,0.123684,0.553133,0.085106,1.68504,-0.098299,0.136593,0.016708,0.21026,0.055685,0.038479,0.4,0.566592,0.067509
Y2009M5,0.213592,0.027709,0.05407,0.169197,0.107128,0.430403,-0.011236,0.27657,-0.069912,0.672365,-0.10865,-0.214159,0.447964,-0.046729,0.011901,-0.172152,0.021526,-0.053571,-0.247294,0.171108,0.055719,-0.12937,0.035827,-0.204501,0.09322,0.000225,0.007201,0.054622,0.046958,-0.092362,0.080339,0.327857,0.039122,0.128877,0.261231,0.191029,-0.0486,0.103506,0.173771,0.086643,0.048535,0.132647,0.096429,0.226767,0.111844,0.010158,0.002883,0.01273,-0.007586,-0.056569,-0.29476,0.009812,-0.031128,0.027879,0.317961,0.48799,-0.05567,0.102941,-0.028811,0.058742,-0.024691,0.224437,0.165605,-0.37931,0.047826,-0.188672,0.201862,0.077879,0.164964,-0.006849,0.025955,0.035088,-0.124777,0.032258,-0.044025,0.116222,0.133114,0.141662,-0.129993,-0.02779,-0.102041,-0.059798,0.022996
Y2009M6,-0.204,0.02803,-0.001852,0.061224,0.01102,-0.24968,-0.079545,-0.06584,-0.00666,0.077087,0.14142,0.373874,-0.065625,0.339869,-0.088366,-0.015291,-0.013501,0.012972,-0.178097,0.020076,0.001115,0.094029,0.012312,-0.102091,0.065892,-0.002086,0.02186,0.298805,0.028033,-0.019322,-0.089332,0.027177,0.274299,-0.065333,0.112137,-0.084109,-0.013092,0.077863,0.126629,0.033557,0.010417,-0.029562,0.007818,-0.082003,0.021868,-0.042458,-0.096311,-0.043771,-0.094059,-0.003868,0.23839,0.117421,0.047657,0.009821,0.47698,-0.248088,0.021834,-0.011423,0.002163,-0.032895,-0.052363,-0.062611,0.05739,-0.141667,0.005849,0.082326,-0.077928,-0.022291,0.505013,0.025517,0.044069,-0.109091,0.121399,-0.042614,-0.072368,-0.033673,0.142857,-0.022601,0.048706,0.314882,0.408864,-0.042146,0.075372
Y2009M7,0.386935,0.057956,0.188868,0.024476,0.062701,0.307167,0.395062,0.149485,0.007767,0.110716,0.037895,0.378689,-0.06689,0.265854,0.005579,0.223603,0.060117,0.086147,-0.057952,0.035863,0.075608,-0.000314,0.075567,0.241096,0.029091,0.073782,0.011859,0.720859,0.046604,0.102452,-0.039134,0.034125,-0.231534,0.053486,0.045077,0.057228,0.056122,-0.002857,0.211044,0.101639,0.059434,0.240188,0.073691,0.083719,0.067869,-0.022901,0.134677,0.093897,0.221702,0.102913,-0.155,0.070602,0.064632,0.096131,0.178304,0.073529,0.136752,0.058944,0.107694,-0.030385,0.234501,0.080835,-0.004461,0.165049,0.066261,0.076923,0.109974,0.20794,0.149875,0.175073,0.090357,0.015306,0.190826,0.376855,0.047518,0.200367,0.161352,0.117839,0.062893,0.005521,0.629295,-0.0096,0.076875
Y2009M8,-0.028985,0.007071,-0.02163,0.172355,-0.025417,0.056136,-0.026549,0.156419,0.040462,-0.105376,-0.111987,-0.243757,0.007168,0.034682,0.127793,-0.072165,0.031812,0.045016,0.195994,0.074309,0.03642,0.070286,0.02185,0.107064,-0.060071,0.047909,0.041971,-0.158645,-0.108479,0.089754,-0.114037,-0.028812,0.049039,0.010865,0.00681,0.043234,0.095572,0.031792,0.067082,-0.006006,0.051344,-0.033745,-0.003612,-0.020101,0.090753,-0.125,0.047196,0.016094,0.083706,-0.072183,1.010059,-0.013455,0.018791,0.033973,-0.182011,-0.030558,0.09434,0.023236,0.058526,0.014032,0.203057,0.125351,-0.043316,0.286111,0.024795,-0.031524,0.008749,0.037949,0.025344,0.039099,0.022882,0.054372,0.14792,-0.030172,0.065463,0.16272,-0.036793,0.075747,-0.007055,-0.039121,-0.079208,0.129241,0.009286
Y2009M9,0.097015,0.061418,0.003845,0.034935,0.151568,0.186238,0.363636,0.032284,0.059259,0.109829,-0.049142,0.15566,-0.053381,-0.147114,0.02291,0.122194,0.053058,0.137778,-0.055024,0.093535,0.041466,-0.026092,0.050326,0.072782,-0.082707,0.048772,0.018989,0.372881,0.085016,0.104592,0.024588,0.011817,0.022064,0.058555,-0.304869,0.056889,0.105962,0.055085,0.046662,0.091463,0.071765,0.117068,0.017523,0.056336,0.092126,0.087912,-0.094154,0.128828,0.023339,-0.005693,-0.084486,0.027158,0.096477,0.017567,0.122898,0.165217,0.063793,0.047789,-0.007443,-0.044002,0.224658,-0.061442,0.21305,0.105831,0.069729,0.088235,0.163619,0.032072,0.006356,0.048934,0.048192,0.038986,-0.101351,-0.075556,-0.025424,0.103811,0.033637,-0.018368,0.058217,0.153214,0.031935,-0.087282,0.025589
Y2009M10,-0.05102,-0.013318,0.05841,-0.213783,-0.063482,-0.020493,0.346667,-0.102151,-0.072566,-0.207243,-0.176214,-0.12517,-0.116541,0.09607,0.065981,0.151019,-0.071307,-0.125,-0.045627,-0.042228,-0.025972,-0.033113,-0.018357,-0.355019,-0.040984,-0.022422,-0.035596,-0.010802,0.008815,-0.08644,-0.078676,0.052083,0.01738,0.024666,0.147059,-0.015474,0.009608,-0.031039,0.00315,-0.014084,-0.042639,-0.073976,-0.134798,0.099756,-0.076424,-0.19644,-0.101478,-0.016464,-0.167836,-0.200382,0.897106,-0.052997,-0.049102,-0.023252,-0.331797,-0.005602,-0.037277,-0.021506,0.029794,0.12064,-0.002237,-0.132599,-0.127673,-0.140625,-0.032898,-0.055196,-0.021152,0.028745,-0.117193,0.06821,-0.00924,-0.086238,0.058647,-0.223558,-0.073913,-0.18006,-0.248753,-0.077861,0.157678,-0.018272,0.041992,-0.064249,0.052362
Y2009M11,0.483871,0.028392,-0.01545,0.322004,0.056711,0.103723,0.108911,0.057759,-0.031489,0.070556,-0.121396,0.031104,0.042553,-0.173307,-0.071959,-0.110022,0.048276,0.099931,0.095618,-0.016698,0.057801,-0.10523,0.050275,0.07781,-0.081197,0.053911,0.003768,0.032761,0.044175,0.014446,-0.011869,0.042404,-0.136127,0.028416,0.022792,0.056647,0.031655,0.212065,0.07721,0.044669,-0.006086,0.015311,-0.003432,0.040285,0.095759,0.091772,-0.022478,0.125547,-0.075896,-0.076372,0.491525,0.056508,0.021611,0.053151,0.194828,0.251643,0,0.047218,0.030996,-0.012754,0,-0.046476,0.078752,-0.140909,0.035829,-0.096696,0.111546,0.065432,0.210652,0.065343,0.051486,0.056225,0.035765,-0.30031,-0.016432,0.082033,-0.04056,0.124101,0.096913,0.026498,-0.09,0.066985,0.08464
Y2009M12,-0.028985,0.060647,0.001846,0.116373,0.043569,0.147791,0.241071,0.053366,0.048276,-0.016899,0.094991,0.197587,-0.04898,0.161446,0.033846,-0.015912,0.10689,-0.010615,0.224242,-0.062011,0.027489,0.219207,0.047259,0.082888,0.302325,0.035709,0.005966,-0.074018,0.079498,-0.071912,0.078136,0.143422,0.006245,0.008702,0.030641,0.076325,-0.055798,0.050911,-0.049711,0.066852,0.023272,0.04524,-0.038568,0.003292,0.10805,0.08913,0.084128,-0.001014,0.146512,0.147287,0.965909,0.007818,-0.003897,0.035433,0.079365,-0.145536,0.094595,0.05475,-0.006624,-0.097186,0.305034,0.19537,-0.032571,0.134921,0.068576,0.058322,0.045732,0.095017,0.140512,-0.004382,0.064146,0.169182,0.088398,0.141593,0.085919,0.069104,0.079939,0.119199,-0.060379,0.088353,0.175824,0.318686,0.099975
Y2010M1,0.08209,-0.065074,-0.023649,-0.047273,0.02256,-0.068439,-0.079137,0.046311,0.047619,-0.26214,-0.164038,0.026448,-0.051502,0.041494,0.01131,0.017413,-0.059058,0.051751,0.096135,-0.121644,-0.037224,0.009132,-0.04258,-0.117284,-0.085714,-0.023608,0.007862,-0.076672,0.023687,-0.036824,0.036872,-0.009582,0.117087,-0.044027,0.010811,-0.071574,-0.018246,-0.130357,-0.132708,0,0.025231,-0.088368,0.20702,-0.100482,-0.126661,0.093834,0.158303,-0.0472,0.258283,0.013514,-0.156069,0.047353,-0.015253,-0.00665,-0.010695,-0.115114,-0.11677,-0.032061,-0.007887,0.043838,-0.166379,-0.234115,0.040115,-0.160839,-0.04537,-0.031793,-0.070644,0.040741,-0.10996,-0.03741,-0.087765,1.7e-05,-0.23731,0.693798,-0.07033,-0.094132,0.108089,-0.12963,0.129969,-0.099958,-0.065421,-0.263086,-0.035559
Y2010M2,0.041379,0.042446,0.011953,0.36514,0.09111,0.124549,0.09375,0.017372,-0.030909,0.04601,0.19434,0.2,-0.135747,0.037849,-0.008289,0.01737,0.102205,0.081908,-0.029837,0.032886,0.033731,-0.105769,0.037053,0.041958,0.03125,0.047988,0.022465,0.081272,-0.049642,0.006372,0.07664,-0.006157,-0.014815,0.030092,-0.013369,0.034159,-0.018655,-0.014262,-0.073864,0.046543,0.014026,0.178198,0,0.124866,0.051288,0.109681,-0.044663,0.017933,-0.022031,-0.033333,0.061644,0.01329,-0.040091,0.014026,-0.117568,0.046673,0.264173,0.027997,0.08799,0.035698,0.052486,0.165484,0.02135,0.030556,0.058196,-0.205341,0.042484,0.025165,0.071151,0.120509,0.049152,0.016667,0.031879,0.306636,0.009456,0.160374,-0.087855,0.025106,0.061044,0.140235,-0.04,0.011309,0.032826
Y2010M3,0.109271,0.063047,0.033104,0.166822,0.087819,0.080027,0.017857,0.136697,0.288743,0.129176,0.245837,0.031697,0.04712,0.443378,0.042687,-0.004854,-0.012776,0.081201,0.141659,0.152018,0.062862,0.01265,0.058318,0.14094,-0.090909,0.076057,0.008269,0.28268,-0.011067,0.133522,0.082034,0.123894,0.104323,0.028202,-0.000846,0.125742,0.052497,0.038424,0.017638,0.121795,0.024754,0.073933,0.127003,0.049526,-0.021942,0.070679,-0.018233,0.032618,0.081894,0.225287,0.019355,0.042561,0.04663,0.013954,0.064318,-0.064516,-0.143782,0.060465,0.035757,-0.01991,0.067238,0.138719,0.136885,0.291105,0.066891,0.18424,0.111842,-0.015905,0.268116,0.112302,0.061373,0.038525,0.108943,0.154116,0.156909,0.108358,-0.036827,0.172322,0.116427,0.035906,-0.09375,-0.101438,0.039383
Y2010M4,0.026866,0.014415,0.017836,0.039137,0.036426,0.117392,0.185965,0.054964,0.014855,0,-0.112031,-0.02775,-0.035,0.206117,0.029344,-0.090709,0.011373,0.072531,-0.017157,-0.110549,0.02209,-0.02436,0.014515,0.369412,0.0375,0.036733,-0.000915,-0.025478,-0.050134,-0.029893,0.00614,-0.017323,0.112681,0.041551,-0.060027,-0.042437,-0.052305,0.048843,-0.048062,0.007604,0.045984,0.001967,0.04792,0.065665,0.023866,-0.039419,0.132381,0.028885,0.079815,0.208255,1.06962,0.129758,0.111263,0.024165,-0.02446,0.103553,0.167927,0.026316,-0.027166,0.026316,-0.053737,0.022088,0.013715,0.281837,0.037319,0.037488,-0.04783,0.026552,0.060476,0.018345,0.020038,-0.00885,0.038123,-0.14264,0.135628,0.049825,0.206361,0.046586,0.341199,0.049402,-0.066667,0.100462,0.080045
Y2010M5,-0.129845,-0.0676,-0.070107,-0.116065,-0.029126,-0.073287,-0.044379,-0.163304,-0.087681,-0.142998,-0.043165,-0.100918,-0.103627,-0.097023,-0.073007,0.057534,-0.045754,-0.128777,-0.038238,-0.112856,-0.07735,-0.077785,-0.082137,-0.005155,-0.024096,-0.057419,0.014395,0.049673,-0.080113,-0.046222,-0.137702,-0.018429,-0.084748,-0.114505,-0.104499,-0.057671,-0.084566,-0.048148,-0.177472,-0.047806,-0.002896,-0.059984,-0.08191,-0.095528,-0.052448,-0.039957,-0.100925,-0.08176,0.035765,-0.21118,0.125382,0.010185,-0.032965,-0.04962,-0.336283,-0.01012,-0.230413,-0.037393,0.000481,-0.090193,-0.101828,-0.233137,-0.111471,-0.37785,-0.069467,0.095754,-0.159158,-0.099796,-0.033678,-0.086962,-0.074379,-0.031656,-0.169275,0.00177,-0.048128,-0.042073,-0.010423,-0.06507,0.123862,-0.023918,-0.039409,-0.022633,-0.055221
Y2010M6,-0.14922,-0.06314,0.024382,-0.144348,-0.03685,-0.063194,-0.034056,-0.017451,-0.015886,-0.076525,-0.120301,-0.163265,-0.153757,0.010989,-0.018708,-0.03886,0.033129,-0.165333,-0.127053,-0.032567,-0.058715,0.038875,-0.057184,-0.125216,-0.045268,-0.097899,0.027879,-0.027397,-0.148053,-0.078077,0.03625,-0.010042,0.098111,-0.058783,-0.116694,0.019685,-0.166667,0.05098,0.034483,0.042402,0.036799,-0.050378,-0.102354,0.08707,-0.123739,-0.178853,-0.238541,-0.033613,-0.126688,0.07874,-0.076087,0.013855,-0.04584,-0.004839,-0.133333,-0.041357,0,-0.044843,-0.005766,-0.021858,-0.028488,-0.112869,0.281812,-0.400524,-0.050039,0.001243,-0.096284,0.083145,-0.215846,-0.064475,-0.062666,-0.055826,-0.164384,-0.295053,0.048689,0.015265,-0.097274,-0.021036,-0.022492,0.013224,-0.062564,-0.078512,0.013843
Y2010M7,0.044503,0.098071,0.108675,0.102642,-0.017262,0.12229,0.041667,0.09409,0.040816,0.057944,0.08547,0.341463,-0.153074,-0.030193,-0.013684,0.02965,0.105305,0.146825,-0.125867,0.212129,0.068104,-0.279318,0.069441,0.051333,0.077586,0.068991,0.028698,-0.00128,0.055923,0.10388,-0.037093,-0.045647,-0.070928,0.083736,0.033028,0.057433,0.069288,0.003759,0.233039,0.041093,-0.006609,0.114942,0.017683,-0.010284,0.110612,0.087137,0.079853,-0.019611,0.0976,-0.160584,-0.035294,0.05049,0.089067,0.041144,0.184615,-0.085437,0.392169,0.057903,0.089596,0.075673,0.090977,0.087711,0.137734,-0.026201,0.052505,0.078642,0.187642,0.094778,-0.000889,0.198961,0.074419,-0.018487,0.077869,0.092732,0.066071,0.173833,0.151829,0.116561,-0.056144,0.146257,0.160421,0.047534,0.012059
Y2010M8,0.112782,-0.000423,-0.106667,-0.152995,-0.111317,-0.036019,-0.141538,0.007868,-0.039216,-0.104829,-0.150198,0.044445,-0.125817,-0.0934,0.054911,-0.054974,-0.129656,-0.098039,-0.022676,-0.032841,-0.046351,-0.055633,-0.053159,-0.106103,-0.08,-0.041165,0.006349,-0.217949,0.089408,-0.036659,-0.183583,0.135075,-0.180865,-0.049034,-0.005329,0.008204,-0.052364,-0.290566,-0.084573,0.012212,0.054473,0.021921,-0.083283,0.024349,-0.084429,0.001908,0.015927,-0.109832,-0.174927,-0.123913,-0.237805,-0.002641,-0.030873,-0.010026,-0.041126,0.073248,-0.197397,-0.006287,0.034004,-0.063975,-0.288766,-0.086398,0.049109,-0.165919,-0.03945,-0.170376,0.011285,0.027198,-0.32325,-0.107061,-0.070346,0.053585,-0.011407,-0.151376,-0.046901,-0.022247,-0.272618,-0.014866,0.223988,-0.021433,-0.046081,-0.207192,0.014948
Y2010M9,-0.054054,0.098031,0.023817,0.348205,0.104781,0.125766,0.394265,0.085,0.056735,0.217105,0.095814,-0.003868,0.117169,0.200549,0.058001,-0.033241,0.103563,0.224663,-0.00348,-0.030082,0.093898,0.342661,0.116858,0.178571,0.152174,0.115261,0.00777,0.178689,0.089911,0.080816,-0.037412,0.113539,0.0472,0.099789,-0.13975,0.05247,0.24628,0.141577,0.082977,0.037471,0.009657,0.106474,0.128758,0.144153,0.112645,0.206349,0.098544,0.109392,0.143455,0.253102,0.196,0.0246,0.073734,0.032796,-0.056433,0.129575,0.131351,0.078195,0.019905,0.097821,0.405854,0.176785,0.095321,0.38172,0.11793,0.251619,0.174768,0.112057,0.214724,0.187248,0.123718,0.101737,0.246602,0.289189,0.008787,0.158584,0.128501,0.037508,0.291906,0.158453,0.989128,0,-0.007684
Y2010M10,0.17381,0.058619,0.033189,-0.152542,0.006315,0.051618,-0.082262,0.011258,0.025771,0.065405,0.029711,0.047573,0.048807,0.003433,-0.058617,0.017192,0.006006,0.130549,-0.137529,-0.024906,0.04003,0.136015,0.043836,0.029412,0.071698,0.050548,0.010602,0.109875,0.010072,-0.002904,-0.020243,-0.08199,-0.119175,0.056725,0.060797,-0.00458,0.011343,0.049208,0.024865,0.047651,-0.017235,0.052168,0.050376,0.075244,0.066005,-0.016967,-0.066769,-0.093446,0.068479,-0.069307,0.003344,0.095863,-0.027986,-0.025459,-0.023923,-0.035965,0.120879,-0.001255,0.024767,0.015697,0.064539,0.045398,0.102196,0.214008,0.038425,-0.026736,0.112542,0.095982,-0.029582,0.076858,0.066033,0.056024,0.448598,0.004193,0.02439,0.004761,-0.016887,0.069096,0.070363,-0.012703,0.124224,-0.12311,0.018071
Y2010M11,-0.075051,0.003461,0.007505,0.130476,-0.067314,0.095679,0.092437,-0.004545,0.004949,0.010147,-0.006595,-0.026877,-0.007874,0.078677,0.030048,-0.087324,0.018284,-0.040769,-0.044595,-0.107711,0.003706,-0.037638,0.011624,0.039827,-0.017606,0.020866,-0.006543,0.100251,0.304843,-0.008555,-0.002137,0.09542,0.02667,0.058575,0.130435,-0.043843,0.033796,0.038031,-0.249024,-0.016595,-0.053564,-0.016487,0.040794,0.030538,0.025838,0.102481,0.036046,0.038364,0.048924,0.010638,-0.216667,-0.002944,-0.030616,-0.001902,0.046569,0.063694,-0.015812,0.004231,0.001252,0.075227,-0.01043,-0.026253,-0.026802,0.105769,0.043399,0.084319,0.120695,-0.03781,-0.110781,0.091748,-0.011837,-0.059185,-0.045405,0.085595,0.256803,0.08924,0.082151,-0.017654,0.186265,0.11161,-0.259668,-0.076355,-0.047263
Y2010M12,0.554825,0.060447,0.047904,0.219882,0.088907,0.06488,-0.010256,0.03788,0.010606,0.112506,0.0875,0.03619,0.301587,0.114165,0.00846,-0.018519,0.06819,0.116195,0.121641,0.091277,0.069507,-0.064144,0.055205,0.040799,0.017885,0.035823,-0.009626,-0.047836,0.032387,0.045429,0.154632,-0.001394,0.177191,0.093014,0.115385,0.08799,0.117934,-0.044444,0.107069,-0.000885,-0.022215,0.138898,0.130297,0.107153,-0.001135,0.028376,0.170269,0.089728,0.086361,0.149474,0.085106,0.024595,0.058251,-0.012912,0.187354,0.098459,0.107251,0.032233,0.066903,-0.050531,0.329583,0.113051,0.093545,0.281159,0.056431,0.035702,0.003616,0.080639,0.173077,0.053008,0.057662,0.143791,-0.041903,0.015385,-0.031123,0.12398,0.062112,0.01702,-0.146673,0.104441,0.395522,0.106667,0.029854
Y2011M1,0.131171,0.007189,-0.007429,0.171961,0.06411,0.077566,0.049223,0.049677,0.000303,-0.218059,0.043678,0.000919,0.134146,-0.233871,-0.002169,0.04717,0.111111,-0.030362,-0.073232,0.106409,0.021214,0.019905,0.014256,-0.1328,0.320469,-0.000591,-0.00731,-0.159091,-0.071907,0.003577,0.02351,0.025,0.002512,0.071795,-0.04232,-0.039432,0.037988,0.024883,0.166978,0.024831,-0.033531,-0.015921,0.142924,-0.065906,0.065652,0.126916,0.034234,0.102086,0.06212,0.022894,0.517647,-0.016729,-0.014478,0.003652,0.084813,-0.117188,-0.057451,0.013674,0.027691,-0.042934,0.005973,-0.068198,0.291269,0.264706,0.020929,-0.033447,-0.00772,0.065152,-0.055952,0.063541,0.039609,-0.007299,-0.120567,-0.0625,0.01676,-0.004032,-0.018289,0.035797,0.218441,-0.123568,0.074866,-0.180723,0.020741
Y2011M2,-0.086035,0.038919,0.048071,0.453742,0.004126,0.034843,-0.076543,0.010507,0.011815,0.005196,-0.016153,0.252525,-0.019785,0.073684,0.033537,0,0.037578,-0.040036,-0.012262,0.033997,0.036843,-0.035994,0.031567,-0.035978,-0.050667,0.047028,0.005376,0.001422,0.034941,0.002138,0.043068,0.059233,0.021832,0.073684,0.032733,0.100438,0.076039,0.00477,0.004902,0.035903,0.002029,0.038921,0.03485,0.02551,0.056918,0.004675,0.124129,0.053753,0.055215,0.011638,0.095607,0.005166,-0.021131,0.00904,0.010909,0.126549,0.013139,0.029664,0.020682,0.075,0.06383,-0.07045,0.09718,0.243292,0.046171,0.05685,-0.005446,0.05267,0.153643,0.032419,0.020619,-0.044118,0.047043,-0.056566,0.101648,-0.102655,-0.019295,0.012662,-0.034613,0.039766,-0.099503,0.176471,0.017726
Y2011M3,-0.021828,0.014232,0.029517,-0.155249,-0.005545,0.12412,0.136364,0.015375,0.013473,0.048823,-0.006742,0.119501,-0.018155,-0.064591,-0.05474,-0.075075,-0.013534,-0.101008,-0.033103,-0.078953,0.00242,0.006285,0.004821,-0.004785,0.011236,-0.000452,-0.007868,0.117898,0.084771,0.076725,-0.060918,-0.006579,0.045184,0.018652,-0.168078,0.018624,-0.073835,0.03858,-0.047967,0.011373,0.011375,-0.042478,0.029715,0.108172,0.025817,0.076142,-0.065091,-0.029034,0.038748,0.093805,-0.132075,0.000272,0.052529,-0.010452,-0.093525,-0.030636,-0.012763,-0.003942,-0.015385,0.046725,-0.046664,0.092749,0.242764,0.008633,0.024672,0.020047,0.030378,-0.029815,0.010471,0.000903,-0.024962,-0.058462,-0.064599,0.049251,-0.032419,-0.031938,-0.09498,-0.049485,0.15053,0.106713,0.038674,-0.175,0.051827
Y2011M4,-0.057183,0.039677,0.008574,0,-0.002842,-0.053778,0.035294,0.044458,0.011045,0.082147,0.002262,0.116568,0.027876,0.069051,-0.073582,-0.051948,0.062805,-0.00756,-0.111429,0.068342,0.031037,0.048861,0.032085,0.101923,-0.074778,0.041212,0.015848,0.080051,-0.063261,0.025514,0.003549,-0.056954,-0.066689,0.009141,-0.019231,0.059462,0.064275,0.026946,0.087927,0.019914,0.009628,0.039741,-0.007311,-0.014187,0.044632,-0.047826,-0.009117,0.077978,0.020347,0.199029,0.076087,0.006853,0.034104,0.003458,0.079365,0.032494,-0.024854,0.026385,0.060594,0.014184,-0.028879,-0.112269,0.056615,-0.124108,0.028129,-0.002962,-0.031254,0.000618,-0.022668,-0.03391,0.027953,-0.033333,0.145028,0.020408,-0.101804,-0.095061,0.054299,0.029531,-0.02149,0.012566,-0.069149,-0.127273,0.032067
Y2011M5,-0.068047,0.006981,-0.024973,-0.03119,-0.022099,-0.034532,0.122727,0.008793,0.01417,-0.124494,-0.029345,-0.024633,-0.092391,-0.204152,0.122648,-0.041096,0.028973,0.026005,0.12701,-0.019582,-0.011503,-0.018021,-0.008464,-0.186737,-0.075297,0.001904,0.028897,0.107059,-0.079451,0.057971,0.063218,0.085674,-0.009336,-0.041862,-0.021569,0.044015,0.025398,0.070485,-0.041129,0.079026,0.044108,-0.022011,-0.029845,0.01739,-0.108413,0.070154,0.045588,0.038467,-0.040251,0.118758,-0.131313,0.059485,0.040182,0.015362,-0.145221,0.011015,-0.043903,0.002686,-0.006153,0.025298,0.09123,0.065624,-0.00513,-0.136808,-0.006945,0.043579,-0.031087,-0.01755,-0.134526,-0.02894,-0.017836,-0.048276,-0.086852,-0.012,0.018651,0.193821,-0.145923,-0.041214,0.16388,0.070167,-0.12,-0.081597,0.021571
Y2011M6,-0.031746,-0.024033,-0.03202,-0.174839,-0.04126,-0.151863,-0.192308,-0.016939,0.028967,-0.009249,-0.083269,0.045099,0.149701,0.027536,0.011561,-0.028571,0.022141,-0.030405,-0.011412,-0.095083,-0.018445,0.008996,-0.009788,0.120172,-0.025974,-0.007311,0.01528,-0.260361,-0.009023,0.005479,-0.0159,-0.033775,-0.106557,-0.019393,-0.012024,-0.012609,-0.026816,0.005525,-0.03196,-0.035069,0.018167,0.00882,0.031962,-0.058464,0.032088,-0.045772,-0.0976,-0.067296,-0.040016,-0.133896,-0.023256,-0.090885,0.030521,-0.013833,-0.258065,-0.092607,0.040359,-0.025827,-0.025127,-0.000806,-0.063948,-0.031033,-0.007639,-0.066038,-0.001761,-0.058805,-0.085603,-0.006198,-0.079632,-0.004258,-0.030489,-0.001812,0.055851,-0.058704,-0.152113,-0.010352,-0.135678,-0.0139,-0.029948,0.008252,0.12987,0.069943,-0.019614
Y2011M7,0.031148,-0.067245,0.088776,-0.210684,-0.037923,0.029696,-0.102757,-0.035245,0.014361,-0.083431,-0.047538,-0.032221,0.036458,0.052186,0.180429,-0.018382,-0.119825,-0.115068,-0.056358,-0.078934,-0.025057,-0.029957,-0.00466,0.106322,0.166667,-0.016998,0.008026,-0.028736,-0.073238,-0.014532,-0.027211,0.004112,0.033261,0.014599,-0.016227,-0.043111,-0.080546,-0.074136,-0.096217,-0.034556,-0.014904,-0.045523,0.058072,-0.057729,-0.045408,-0.017988,-0.031472,-0.050316,-0.047349,-0.239554,0.005952,0.010098,-0.113161,-0.00826,0.043478,0.116079,-0.109483,-0.030504,0.032873,0.002823,-0.093564,0.013906,0.059084,0.10303,-0.032914,-0.013171,0.039511,-0.050624,-0.102329,-0.068027,0.01092,0.020408,0.047859,-0.075269,0.106312,-0.076534,-0.038086,0.024711,0.012562,-0.085158,-0.494253,-0.081272,-0.003599
Y2011M8,-0.08744,-0.071247,-0.07115,-0.013688,-0.117255,-0.196075,-0.209497,-0.034247,-0.028946,-0.104392,-0.030303,-0.205113,-0.050251,-0.029491,-0.150608,-0.108614,-0.023988,-0.000601,-0.087289,-0.201447,-0.058594,0.033024,-0.047317,-0.119481,-0.074286,-0.046855,0.022167,-0.347633,-0.166595,-0.017512,-0.055507,-0.009986,-0.093443,-0.102158,-0.136082,0.028606,-0.092341,0.049067,-0.091087,0.004978,0.069885,-0.060577,-0.060739,-0.086006,0.008785,-0.05995,-0.142792,-0.052149,-0.049278,0.139194,-0.130178,-0.041139,0.072,-0.014715,-0.1,0.218028,-0.087379,-0.042271,0.024772,-0.048452,-0.075915,-0.140482,-0.182628,-0.358974,-0.074913,-0.147844,-0.0824,-0.027627,-0.141798,-0.097185,-0.066484,-0.054545,-0.108173,-0.072093,-0.043544,-0.077025,-0.010152,-0.100846,-0.116471,-0.160542,0.031818,-0.188462,0.014446
Y2011M9,-0.083624,-0.049381,-0.072171,-0.231303,-0.095346,-0.25536,0.095406,-0.126459,-0.039745,-0.151386,-0.084949,-0.047868,-0.121693,-0.082873,-0.094529,-0.02521,-0.118818,-0.082652,-0.120805,-0.085714,-0.075014,0.00898,-0.061642,-0.038348,-0.191358,-0.061198,0.009262,-0.188209,-0.159918,-0.120075,-0.015843,0.028703,-0.144651,-0.143729,-0.138083,-0.052129,-0.06589,-0.001445,-0.133621,-0.064565,0.017231,-0.069885,-0.109856,-0.195298,-0.081776,-0.06643,-0.191671,-0.05994,-0.159512,-0.07717,-0.102041,-0.044438,-0.084608,-0.058185,-0.12037,-0.133144,-0.101064,-0.073487,-0.075364,-0.067912,0.055786,-0.217918,-0.174744,-0.088571,-0.092299,-0.100402,-0.16677,-0.021818,-0.009719,-0.173458,-0.034532,0.025,-0.154681,-0.117794,-0.237049,-0.120884,0.037949,-0.157379,-0.518021,0.000576,-0.368943,0.009479,-0.018839
Y2011M10,0.193916,0.15047,0.072639,0.203611,0.13592,0.326967,0.022581,0.087444,0.038168,0.153266,0.021191,0.205028,-0.096386,-0.036145,0.064695,0.060345,0.219388,0.162046,0.086042,0.10404,0.111644,0.188501,0.101052,0.052147,0.129771,0.103017,0.027254,0.23743,0.128737,0.062189,0.050189,0.003351,0.059241,0.19142,0.070225,0.062978,0.009425,0.06414,0.086189,0.087559,0.028441,0.05735,0.225383,0.176606,0.137636,0.094646,0.172391,-0.015894,0.269892,0.144599,0.083333,0.081314,0.101248,0.032707,-0.175439,0.0959,0.15355,0.046812,0.09035,0.055556,0.155705,0.275542,0.065733,-0.163009,0.119775,0.158652,0.207568,0.090045,0.225736,0.262535,0.118363,0.055662,0.080257,0.028409,0.401235,0.152629,0.262948,0.286754,-0.27536,0.11255,-0.193892,-0.028169,0.063035
Y2011M11,-0.009554,-0.036821,0.046558,-0.085,0.052806,-0.000859,-0.003155,-0.040802,0.058676,0.259985,0.012846,0.022164,-0.033267,-0.010938,-0.049043,0.117886,-0.016736,-0.049986,-0.007042,-0.164308,-0.003505,-0.085171,-0.006141,-0.068027,0.064189,-0.000425,-0.000475,-0.018059,-0.117838,0.035129,0.036519,0.002004,0.079111,0.01664,-0.133858,-0.02881,0.02244,0.023448,-0.126168,-0.021133,0.009219,-0.043448,0.030714,0.024972,0.001017,0.051528,0.229296,-0.039521,-0.021592,0.022831,-0.199301,0.02347,0.059064,-0.009677,-0.025532,0.124248,0.085156,-0.005997,0.006747,0.004961,-0.010214,-0.070388,0.168099,0.003745,-0.009435,-0.032583,0.092627,0.004831,0.109431,0.009594,-0.020562,-0.046364,-0.026746,-0.104972,-0.07489,-0.439847,-0.070978,-0.027473,-0.213816,-0.088486,-0.004763,-0.318841,0.010363
Y2011M12,0.028939,-0.063457,0.018147,-0.04918,0.021146,0.00387,0.082278,-0.000726,0.013335,-0.034582,0.053922,-0.090561,0.184746,0.014218,0.03327,0.076364,-0.019872,-0.016868,0.175532,-0.030153,0.009271,-0.055134,0.008506,0.062565,-0.047619,0.016111,0.01105,0.05977,0.033701,0.145066,0.019435,0.046,0.153488,-0.020638,-0.09697,0.054584,-0.019573,0.065129,0.005348,0.013483,0.018815,-0.009373,0.060638,-0.096421,0.003656,0.11794,0.062786,0.056775,-0.004374,0.270833,0.213974,0.033626,0.017362,0.006579,-0.161572,-0.124183,0.005216,-0.004525,0.034215,0.044866,-0.030094,0.007845,0.010387,-0.007463,-0.033292,0.02259,-0.074652,0.074741,0.06656,-0.030728,-0.011881,-0.021926,-0.075501,0.064815,-0.04127,-0.114234,-0.046689,0.129346,0.073764,-0.130287,-0.09702,0.195035,0.045347
Y2012M1,0.071875,0.093496,0.035116,0.215517,0.010401,0.072821,0.002924,0.125,0.151834,0.18209,0.068837,0.076438,-0.039581,-0.001558,0.033386,0.054054,0.118216,-0.074755,0.064955,0.109029,0.050688,0.087876,0.038671,0.046124,0.026667,0.048172,0.015007,0.075922,0.096621,0.065498,0.000867,0.04918,0.101382,0.022566,0.224832,-0.059995,0.009074,0.026923,0.070648,0.033634,0.063085,0.113537,0.036263,0.164415,0.050799,-0.034006,0.043553,0.137215,0.123462,0.128806,0.111511,0.039601,0.045494,0.072607,0.625,0.17563,0.005189,0.090985,0.01296,-0.018993,0.152594,-0.059678,0.038552,0.048872,0.076931,0.105325,0.002279,0.018188,0.127068,0.12635,0.082786,-0.016966,0.185,-0.014493,0.029801,0.305533,0.043946,0.053938,0.734738,0.06299,0.320164,-0.216617,-0.022773
Y2012M2,-0.045189,0.064887,-0.092153,0.026793,-0.003733,0.170693,0.145773,0.02549,-0.001442,-0.151515,0.09965,-0.041042,0.075636,0.079563,-0.099585,0.112147,0.035425,0.011258,-0.007092,0.029954,0.041699,0.04569,0.044857,-0.016886,0.425325,0.040481,0.018884,0.028226,0.057297,0.039633,0.018615,0.015,-0.093445,0.059273,0.257534,0.071376,0.000749,-0.008794,0.0533,0.017689,-0.006566,0.025927,0.068411,0.113471,0.030046,0.067311,0.069835,0,-0.02542,0.011411,0.122977,-0.006898,-0.00728,0.031366,-0.349359,0.005211,-0.072941,0.022498,-0.007458,0.006103,0.143425,-0.016005,0.091153,-0.064516,0.05106,0.075303,0.060937,0.099609,0.064043,0.072201,0.071976,0.007107,-0.019691,0.008824,0.268489,0.10564,-0.140893,0.047813,-0.078785,0.065398,-0.014598,0,0.014659
Y2012M3,-0.048855,0.046022,0.080751,0.112049,0.038831,-0.074011,0,0.036538,0.019856,0.026786,0.074722,0.099185,-0.036511,-0.036127,0.141211,0.297098,-0.012185,0.059095,0.167143,0.063013,0.029806,0.009606,0.03265,-0.017176,-0.111617,0.042557,-0.010544,0.323529,0.021472,0.014523,0.016253,0.129926,0.042308,-0.037999,-0.033668,-0.0122,0.009952,0.038265,-0.075904,0.015152,-0.002518,0.009917,0.02154,-0.097978,0.014585,0.004349,0.045191,0.06107,-0.050669,0.015385,0.023055,-0.029939,0.032,-0.017933,0.078818,-0.097062,-0.015228,0.006849,0.015369,0.018495,-0.027487,0.056742,0.014742,0.429119,0.018559,0.021905,-0.07101,-0.0055,0.01442,-0.045219,0.050438,0.022177,0.060781,0.119533,0.197719,-0.082582,0.101,0.020371,0.038923,0.125937,-0.314815,0.098485,0.030144
Y2012M4,-0.032103,-0.015333,-0.02473,-0.16011,-0.051399,0.053407,-0.048346,0.031716,-0.000182,-0.093333,0.126479,-0.116193,0.04386,0.211394,0.015864,-0.015753,-0.002741,0.012936,-0.014706,-0.153778,-0.005524,-0.042511,-0.002352,-0.060194,0.589743,0.012425,0.022978,0.161481,-0.153153,0.001278,-0.005892,0.047684,-0.142251,-0.007108,-0.077097,0.022791,0.04688,0.000445,-0.136483,0.012903,0.020578,0.049097,0.089255,0.036027,-0.008662,0.142287,0.04915,-0.021002,0.016652,0.110101,-0.014056,-0.00552,0.031918,-0.009062,-0.164384,-0.058899,-0.037629,-0.029932,0.060545,-0.03962,-0.066481,-0.184476,0.036133,0.058981,-0.007164,-0.109987,0.03645,0.021796,-0.095179,-0.033113,-0.026989,-0.068687,-0.065484,0.052083,-0.040212,-0.120123,-0.083257,0.020145,-0.303373,-0.002048,0.310811,0.206897,0.024532
Y2012M5,-0.160862,-0.083102,-0.035339,-0.165982,-0.027698,-0.24458,0.093583,-0.062424,-0.019276,-0.12468,-0.021011,-0.162238,0.226891,-0.07797,0.028571,-0.067699,-0.115173,-0.00477,-0.099503,-0.179322,-0.060734,-0.065977,-0.052195,-0.042355,0.103226,-0.039347,0.009338,-0.081633,-0.225768,-0.057952,-0.007197,0.153706,-0.069907,-0.106822,-0.201474,-0.069577,-0.123075,-0.001691,-0.159558,-0.036403,0.005962,-0.031837,0.028374,-0.135572,-0.114891,0.026692,0.057062,-0.036231,-0.01848,-0.212011,-0.040027,-0.06033,-0.007536,-0.031429,0.73224,-0.008844,-0.074154,-0.030505,-0.009898,-0.049205,-0.18081,-0.173403,-0.125292,-0.106329,-0.077437,-0.072974,-0.100905,-0.070736,-0.259563,-0.106683,-0.080042,-0.043384,-0.09781,0.034653,-0.059537,-0.146997,-0.072854,-0.051497,-0.208385,-0.001282,-0.031546,-0.022857,0.007982
Y2012M6,0.156126,0.044945,0.039899,0.083744,-0.009199,-0.048368,0.097799,0.035761,0.019841,0.130979,0.043742,-0.040901,0.689498,0.10604,-0.013056,-0.041162,0.050047,0.067934,-0.01105,-0.041819,0.037935,-0.010388,0.034194,-0.014024,0.133568,0.033597,-0.00785,0.047222,0.005343,0.046341,0.019743,-0.148897,0.248844,0.047951,0.135385,0.034417,-0.030799,0.007519,0.233083,0.008969,0.017622,0.036643,0.041516,0.122108,0.011762,-0.008666,0.130956,0.064138,0.07872,0.12933,0.008929,0.059659,0.087328,0.020627,-0.085173,0.060741,0.051074,0.026277,0.033538,0.053612,0.062729,-0.003953,-0.079531,-0.014164,0.025959,0.07726,0.082522,0.010428,0.037823,-0.071027,0.02445,-0.056122,0.163399,0.026316,0.011723,-0.196889,-0.034446,0.001534,0.079524,0.186441,-0.06749,0.043275,0.054329
Y2012M7,-0.136752,-0.04331,0.015942,-0.105455,-0.014161,-0.01751,-0.193764,0.059975,-0.025688,-0.059857,-0.010316,-0.020888,0.172973,-0.128641,0.006755,0.201995,-0.034852,-0.028888,0.083916,-0.069285,0.008832,-0.034465,0.020415,-0.182713,-0.04031,0.00431,0.032152,-0.034483,-0.044039,0.026418,-0.013468,-0.050216,-0.081852,0.04942,-0.056911,0.084726,0.229209,0.032541,-0.063063,-0.002242,0.04411,0.02568,0.066848,-0.00472,0.040066,0.016944,0.034178,-0.084369,0.135525,-0.46728,-0.017699,0.045318,-0.044944,0.018877,0.037931,-0.038312,-0.011596,0.015647,0.011232,-0.043984,0.067388,0.086508,0.061844,0.307471,9.9e-05,-0.029945,0.117701,0.067423,-0.039111,0.106233,0.004071,-0.010513,-0.094101,0.179487,-0.150637,-0.318043,-0.04162,0.107699,-0.169891,-0.167316,0.073059,-0.019058,0.034384
Y2012M8,-0.047525,0.059913,0.048103,0.137195,0.005174,0.10198,-0.201657,0.060479,0.083993,0.063668,-0.036601,0.055111,-0.004608,-0.033426,0.021097,0.159688,0.053395,0.049579,0.055484,0.131231,0.024414,0.029283,0.02127,0.009371,-0.042003,0.033105,-0.001237,0.070055,0.212867,0.019934,0.019198,0.13701,0.181928,0.026992,-0.043103,-0.008361,-0.008938,0.009756,0.181208,-0.026077,-0.006328,0.021295,0.067997,-0.054418,-0.030339,0.063252,0.061823,0.048362,0.010593,-0.216891,-0.213213,0.041932,-0.021696,0.009084,-0.019934,0.156651,0.075112,0.014356,0.041925,0.010149,0.053456,-0.327246,0.078007,-0.18022,0.036329,-0.068216,-0.044605,0.057246,-0.102683,0.028741,0.054111,-0.015,0.020155,0.104743,0.010914,0.147235,0.165493,0.019224,0.050484,0.014817,-0.017021,0.28,-0.048395
Y2012M9,-0.111663,0.011771,0.083886,0.106345,-0.011748,0.064241,-0.034602,0.011918,0.016157,-0.104126,0.108548,0.04802,0.289352,0.148415,-0.008815,0.07971,-0.014745,0.050461,0.091687,0.098131,0.025872,-0.01707,0.02159,0.155172,0.062395,0.029632,0.011861,-0.028241,0.151277,0.024988,0.007582,-0.055,0.019454,0.031297,0.076356,0.019513,0.019016,-0.008505,0.059659,0.029343,0.060933,-0.000579,0.080183,0.08059,-0.068518,0.03018,0.020392,0.097443,0.077194,-0.294118,0,0.027669,0.015305,0.021893,0.033898,0.119381,-0.088634,0.023677,-0.036364,0.056553,-0.178227,-0.136166,0.078018,0.005362,0.018619,0.038855,0.026271,0.040532,0.023711,0.057021,0.008605,0.017767,0.033742,0.175206,0.153846,-0.054723,0.169184,0.006499,-0.088413,0.09375,0.383117,0.540179,0.036986
Y2012M10,0.071872,-0.051334,-0.117619,-0.216882,0.035912,-0.113128,-0.103943,0.003946,-0.030523,0.035819,-0.04896,-0.033762,0.02693,-0.140527,0.00806,0.047315,-0.019156,0.039528,-0.028027,0.103546,-0.016735,-0.079414,-0.030122,0.047072,-0.033333,-0.013407,-0.001302,0.035667,-0.023891,0.009172,0.001254,-0.067196,-0.045865,-0.020357,0.011236,-0.005934,-0.033205,-0.130703,0.026031,-0.008046,0.015404,0.002028,-0.045061,0.01391,-0.020804,-0.127479,-0.02761,-0.050429,0.031086,-0.010417,-0.076336,0.016156,0.073908,-0.006793,-0.04918,0.057561,-0.121281,-0.008844,-0.020105,0.071368,-0.073718,0.015132,0.011941,-0.101333,-0.02903,0.034879,-0.03645,-0.02758,-0.03424,0.006981,-0.073547,0.015424,0.005935,-0.091241,-0.044444,-0.06754,-0.093669,0.110629,0.455536,0.002108,0.010955,-0.021739,0.036036
Y2012M11,-0.034934,0.019691,-0.04045,0.25116,-0.022222,-0.001904,-0.424,0.011851,0.032373,0.153846,-0.10652,0.005824,-0.075175,-0.046715,0.054452,-0.134893,0.064083,0.027462,-0.093426,0.011568,0.007192,0.015495,0.011322,0.038377,0.100164,0.025305,-0.006422,-0.053571,0.027972,0.006458,0.014286,0.032898,0.07614,-0.012234,0.152778,0.016803,-0.029662,0.011832,0.02681,-0.015187,0.021487,0.008711,-0.05119,0.037023,-0.00316,-0.027597,-0.053002,0.02741,-0.07807,-0.17193,0,-0.042051,0.035632,0.006565,0.441379,-0.069767,-0.071242,-0.016644,0.044805,0.046392,0.100346,0.032298,-0.011622,0.103858,0.01761,0.163156,0.016027,0.112938,-0.052138,0.104617,0.008109,-0.022785,0.014749,0.056951,0.03672,0.133777,0.066029,0.013904,0.031179,0.064501,0.012384,-0.060741,-0.024477
Y2012M12,-0.00905,0.023955,0.045784,0.112943,-0.007273,0.034096,-0.006945,0.003027,0.032047,0.012308,0.017341,0.100091,0.075614,0.163859,-0.014811,-0.005576,0.034949,-0.035954,0.086514,0.040237,0.014743,0.003717,-0.002259,0.152059,0.086567,-0.000526,-0.014456,-0.055256,0.096939,-0.013031,0.026913,0.131796,-0.013368,0.010286,0.414458,0.038563,0.091418,-0.09607,0.06658,0.002392,-0.083907,0.05498,-0.004885,0.032089,0.03079,0.041402,0.066533,0.013188,0.119445,0.262712,0.173554,0.03109,0.000694,-0.007846,-0.035885,-0.081117,0.213934,0.007052,0.040146,-0.008384,0.015263,0.153382,0.081223,0.024194,0.022087,0.111258,0.038084,-0.004182,0.165017,0.038727,0.001891,0.018135,0.054252,-0.009509,0.021251,0.005867,0.157989,0.092491,0.133154,-0.005049,-0.084098,0.104069,0.001486
Y2013M1,0.03653,0.058711,0.052589,0.074815,0.066422,0.097072,0.517483,0.067156,0.069024,0.066869,0.046875,0.088714,-0.045694,0.019737,0.013084,0.125234,0.01754,0.053032,0.037515,0.202769,0.053614,0.044129,0.039262,-0.050412,0.051095,0.062673,-0.021769,0.166904,-0.01292,0.033252,0.011548,0.102186,-0.004461,0.08303,-0.028961,0.001057,0.079708,0.107143,0.025294,0.048544,0.038679,0.01146,-0.076305,-0.066682,0.118164,0.05647,0.184471,0.119112,0.141129,-0.043624,0.076087,0.038162,0.006954,0.046466,0.069479,-0.049971,-0.045217,0.051821,0.041813,0.064566,-0.019699,0.101571,0.109587,0.026247,0.067041,0.032862,0.110062,0.141517,0.09254,0.051126,0.014282,0.036745,0.03281,0.344,-0.018497,0.120544,-0.00936,0.136882,0.784642,0.025816,0.21202,-0.048544,0.054288
Y2013M2,0.030837,0.004795,-0.042293,-0.024466,0.029766,0.023539,-0.246544,0.026036,0.077307,0.016524,0.002723,0.063536,0.025783,-0.058064,0.060445,-0.048333,0.027405,-0.069731,-0.042938,-0.09411,0.010872,0.010566,0.01183,-0.028957,-0.131944,0.008239,-0.004103,-0.020782,0.023037,0.038807,0.006809,-0.087823,0.009129,0.004396,0.010526,-0.018155,0.031406,-0.005908,-0.07335,0.02662,0.037419,0.023558,0.020773,-0.050504,0.042231,0.019548,-0.084765,0.004826,0.085349,-0.073684,0.138047,0.031064,0.05732,0.008125,0.164733,-0.100306,-0.084095,-0.000932,-0.00367,0.059928,-0.005288,0.101236,0.017189,0.102302,0.005345,-0.157003,0.014059,0.140482,0.00605,0.088148,0.001673,-0.010127,-0.048343,0.059524,-0.044759,0.029497,0.050394,0.051848,0.138223,0.007098,0.595041,0.081081,0.055126
Y2013M3,-0.066239,0.035847,0.066507,-0.055811,0.019215,0.043942,0.223242,0.020291,0.140201,0.056614,0.01222,0.063636,0.157989,-0.191781,0.15,0.33275,0.024148,-0.041096,0.014168,-0.020927,0.040795,-0.093353,0.038137,-0.032803,-0.074,0.0518,0.018329,-0.042447,0.189867,0.005239,0.020287,-0.019013,0.09375,0.025449,0.081552,0.039349,0.164631,0.040419,-0.101583,0.007955,-0.03637,-0.034656,-0.04283,-0.017747,-0.140784,0.133913,0.157323,0.006137,0.043347,1.037879,-0.091716,0.033492,0.050425,0.022933,0.165339,0.047927,-0.081836,0.026882,0.02522,0.134543,-0.013348,0.010818,0.112066,-0.051044,0.032345,0.006702,0.060075,0.049402,-0.015464,-0.004841,0.02308,-0.002558,0.013062,-0.12809,-0.064118,0.202809,0.017241,0.076479,0.00638,0.058736,0.137306,-0.030556,0.032335
Y2013M4,-0.002288,-0.017577,-0.007733,0.010101,0.020361,-0.124705,-0.115,0.01793,0.029677,0.0864,-0.018779,-0.070208,-0.029457,-0.225424,0.094565,-0.060447,-0.006812,0.006122,-0.030303,0.098473,0.015194,0.024918,0.019375,0.322713,0.043197,0.023768,0.0181,-0.130378,-0.011613,0.016769,-0.019884,0.153608,-0.025564,-0.013113,0.327391,0.033827,0.038381,0.034783,0.086978,0.030682,-0.009605,0.099447,0.029913,-0.021723,0.025005,0.033201,0.041187,0.016352,-0.078744,-0.144981,-0.055375,-0.010529,0.055375,0.007291,0.184615,-0.198697,-0.049993,0.014398,0.0322,0.037417,-0.036797,-0.100171,0.01413,0.090465,0.006672,-0.026084,-0.039693,0.007207,0.052356,0.002612,0.004365,-0.08377,0.008596,0.045103,-0.114625,0.09248,-0.035582,-0.044838,0.141536,0.025419,-0.041762,0.002865,0.066433
Y2013M5,-0.080275,0.019226,-0.016162,0.008889,0.058202,0.035281,0.028249,-0.068251,0.087469,0.038292,0.052126,0.209455,0.078275,-0.04814,-0.201516,0.262937,0.078871,-0.033613,0.03125,0.051579,0.024452,0.072735,0.022527,0.197358,0.128364,0.023717,-0.021712,0.110944,0.16188,0.017495,0.008876,0.173816,0.000617,0.028491,-0.054945,-0.073924,-0.029792,-0.060649,-0.006897,-0.025556,-0.077221,-0.088883,0.06049,-0.050059,0.072544,0.007969,-0.029309,0.026946,-0.012847,-0.134783,0.175862,0.02743,-0.001773,0.01342,-0.304473,-0.061789,0.095777,0.014194,-0.071121,-0.016289,0.131461,0.81922,0.197687,0.244395,0.02861,0.09772,0.080516,0.04327,0.240464,0.08256,0.042646,0.014286,0.166193,0.098644,-0.089286,0.103035,0.095311,0.05914,0.047114,0.071611,-0.184628,0.02,-0.086032
Y2013M6,0.074813,-0.021275,0.026694,0.056535,-0.02494,0.000434,-0.049451,-0.01145,-0.065453,0.00241,0.139179,0.008143,-0.026667,0.08046,0.054973,0.083333,-0.025584,0.035952,0.012821,-0.101223,-0.00823,0.018561,-0.018711,0.094095,-0.045872,0.004306,-0.031052,0.080972,0.053558,-0.002519,0.02403,-0.054264,-0.058297,-0.022678,-0.03876,-0.058805,-0.074539,-0.013616,-0.101389,-0.026437,-0.043377,0.02446,0.004074,-0.036585,-0.060455,0.010712,-0.084459,-0.042924,-0.073529,0.120603,0.111437,-0.039662,0.011247,-0.01409,-0.018672,-0.170277,-0.020979,-0.017949,-0.029582,0.025839,0.015952,0.2022,-0.055312,0.144144,-0.015439,0.004642,-0.001769,0.0335,0.153075,-0.003784,-0.037961,-0.095775,-0.007362,0.163861,-0.065359,-0.114729,-0.004912,-0.07786,-0.067006,0.020011,-0.022352,0.053221,0.015838
Y2013M7,0.106729,0.078552,0.05825,0.019458,0.090862,0.116728,0.219653,-0.031597,0.066998,-0.035096,0.122174,0.098546,0.133942,-0.010638,0.14235,0.045128,0.178743,0.079907,0.135945,0.106576,0.050029,0.017293,0.053,0.215896,-0.05,0.05646,-0.035526,0.006242,0.095983,0.043259,0.044463,0.128279,0.151818,0.052618,0.024194,0.060543,0.136878,0.044822,0.161559,-0.00119,-0.060903,0.030539,0.025473,0.0738,0.091527,0.01826,0.043819,0.113958,0.18355,0.343049,0.050132,0.005097,0.081582,0.03367,0.12685,0.104101,0.097143,0.020888,-0.024059,0.136943,0.128067,-0.054466,0.087361,-0.018898,0.068231,0.091419,0.006867,-0.028362,0.01913,0.047713,0.049165,-0.00639,0.008653,0.081967,0.083916,-0.013573,0.122695,0.012358,0.158198,0.016559,0.029821,0.081117,0.055066
Y2013M8,0.104822,0.001091,-0.065006,-0.125426,-0.034654,-0.019429,-0.21327,-0.091484,0.07107,-0.081216,-0.150307,-0.179902,-0.071141,0.101075,-0.17125,-0.027478,-0.064682,-0.018634,-0.072008,-0.014344,-0.029669,-0.114845,-0.022075,-0.082927,0.010121,-0.037844,-0.01875,-0.042184,-0.021732,0.005262,-0.029342,-0.011624,-0.153397,-0.010313,-0.093176,-0.045932,-0.037114,-0.044709,-0.028689,-0.047596,0.002787,-0.064647,-0.030996,0.11488,-0.04358,-0.003985,-0.117985,-0.052588,-0.034382,-0.071786,-0.002513,-0.040032,-0.008574,-0.023013,0.165103,0.08381,0.136928,-0.01023,-0.04872,-0.064171,-0.003915,0.147926,0.050641,-0.213483,-0.016065,-0.035379,0.122099,-0.023671,0.109784,-0.075562,-0.006214,-0.0209,-0.166667,0.097148,-0.103226,-0.204172,-0.111813,-0.039469,0.161262,-0.042139,-0.052124,0.175892,-0.054172
Y2013M9,0.091082,0.040921,0.054301,0.146532,0.018097,0.185853,-0.042169,0.036306,0.00421,0.054526,0.116125,0.141064,0.098266,-0.058594,-0.020111,-0.036437,0.079019,-0.095594,0.059016,0.058559,0.038448,0.014602,0.03683,0.009574,0.094188,0.057192,0.047969,0.107513,0.194629,0.072027,0.015523,-0.079383,0.058084,0.021229,0.141488,0.017567,0.119201,0.006289,0.149086,0.028499,0.049671,0.08155,0.041107,0.022562,0.015256,0.019505,0.075902,0.041092,0.058704,-0.097122,-0.002519,0.019448,0.083634,0.028393,0.037037,-0.080404,-0.004312,0.024753,0.058347,0.102186,-0.049956,0.031752,0.060911,0.179592,0.05066,0.184013,0.12489,0.028765,-0.054844,0.087176,0.029642,-0.087028,0.252225,0.241267,0.003597,0.069158,0.033428,0.047531,0.089113,0.122366,0.021385,0.061715,-0.003514
Y2013M10,0.027826,0.000131,0.02864,-0.110129,0.029815,0.117627,0.062893,0.040173,-0.057281,-0.016546,-0.008625,0.223153,0.072368,-0.010373,0.083376,0.079832,-0.030352,0.061581,0.018595,0.018985,0.042318,0.245683,0.050343,-0.109062,-0.042125,0.050014,0.007046,0.017544,0.079933,0.050195,0.025342,-0.001996,-0.063492,0.041986,-0.057618,0.026627,0.101115,0.037795,0.117174,0.052868,-0.009929,0.062299,0.134185,0.002527,0.040072,0.095978,0.05681,0.064889,0.130341,-0.2749,-0.027778,0.059298,0.073309,0.034046,-0.02795,-0.045192,0.187644,0.030482,0.074272,0.061973,-0.037823,0.066225,0.013323,-0.114187,0.011881,0.028457,0.023268,0.02821,-0.037419,0.031087,0.044188,0.07037,0.091232,-0.073953,-0.055556,-0.125978,0.036678,0.160341,0.042916,0.141798,-0.22333,-0.064039,0.047893
Y2013M11,0.010152,0.031197,0.080846,-0.072574,0.061021,-0.097025,0.272189,-0.029271,0.049233,0.056782,-0.000545,0.034689,-0.247853,0.073375,-0.003333,0.319024,-0.016487,0.049351,0.070994,-0.039512,0.025896,0.07062,0.030434,0.049675,0.131931,0.034728,-0.021407,0.006897,-0.02313,0.046494,-0.033938,0.038,0.070678,0.000579,0.084239,-0.015961,0.004642,-0.019878,0.003367,-0.040095,-0.038111,-0.018696,0.079155,0.011715,-0.001348,0.058757,-0.039877,0.045044,0.060522,0.406593,0.020779,-0.041534,0.011038,0.042942,0.022364,-0.084592,0.058996,0,-0.051076,-0.021592,-0.024449,0.189989,0.036984,0.001953,0.021996,-0.084044,-0.075456,0.018053,0.44338,0.029762,0.035463,0.054325,-0.049946,-0.021201,0.148008,0.09818,0.140187,0.075557,0.134334,0.100606,-0.349166,0.048421,-0.034712
Y2013M12,-0.028476,0.043983,-0.056534,0.069605,-0.007656,0.024338,0.493023,-0.014233,-0.017804,-0.0145,0.042008,0.109685,0.138662,-0.060547,0.129957,0.084911,0.033536,0.112434,-0.037879,0.038127,0.02792,-0.019602,0.027642,0.131268,0.032095,0.018717,0.008308,0.039954,0.002631,0.073694,0.024876,0.105087,-0.000155,0.028606,-0.026316,0.038351,-0.02973,0.012579,0.014541,0.03609,0.022208,-0.000257,0.107353,-0.083154,-0.00463,-0.009568,0.101193,0.021661,0.050312,0.041016,-0.033079,0.005837,-0.024494,0.005663,0.014062,-0.044554,-0.104972,0.017391,-0.031751,-0.053174,-0.139615,0.035034,0.070875,-0.148148,0.038294,0.024965,0.01262,0.0133,-0.076112,0.047619,0.041211,0.033771,-0.002301,0.152347,0.138843,0.070109,-0.022248,-0.014496,0.006479,-0.101632,0.149901,0.002008,0.00457
Y2014M1,-0.115517,0.000122,0.019359,0.023489,-0.006244,-0.056409,0.071651,0.023359,0.028355,0.007103,-0.031414,-0.049608,-0.13467,0.203742,0.054757,-0.095991,0.010889,-0.024396,0.083744,-0.028673,-0.031993,-0.025071,-0.031214,-0.040339,0.06383,-0.045556,0.006173,-0.007684,-0.062188,-0.042289,-0.011561,0.016787,-0.050351,-0.05796,-0.104247,-0.04862,-0.001567,0.032864,-0.025256,0.014742,0.062984,-0.017512,-0.043891,-0.179207,0.044961,0.043591,0.012086,0.00837,-0.069745,-0.103189,0.021053,0.044797,-0.035772,-0.015782,-0.01849,0.087007,-0.053755,0.001221,0.0495,-0.08677,0.03039,0.018112,0.155366,0.036613,-0.011309,-0.086078,-0.085236,0.056972,-0.204478,-0.039806,-0.017074,0.166162,-0.019608,-0.176692,-0.12627,0.077196,0.036703,0.001057,0.111796,-0.080525,-0.044597,0.182365,0.027564
Y2014M2,0.044834,0.056165,0.004296,0.03687,0.014238,0.176944,-0.046512,0.046526,0.000328,0.094206,0.008108,0.10989,0.038079,-0.17962,0.001611,0.200302,0.129901,0.018372,-0.006364,0.040464,0.047241,0.052268,0.052039,-0.021796,-0.129231,0.064561,0.017945,0.054204,0.169278,0.062905,0.021303,-0.027574,0.046182,0.051211,-0.024425,0.013582,0.190323,0.029008,0.047454,0.024697,0.001872,0.068511,0.058517,0.061027,0.068249,0.137304,-0.007412,-0.001383,0.044902,-0.023013,0.025954,-0.060322,0.071713,0.038078,0.091052,0.071505,0.009545,0.046378,0.027861,0.166343,0.034502,-0.029163,0.067974,-0.022075,0.05458,-0.11599,0.06961,-0.000545,-0.061073,0.022164,0.04652,0.046089,-0.017772,0.190259,0.106312,0.171146,0.062101,0.03644,0.088682,0.030938,-0.16158,0.003407,0.051891
Y2014M3,-0.046642,-0.038642,0.018766,0.015965,0.074246,0.009897,0.329268,0.000596,0.000766,0.092541,0.182796,0.227723,-0.197767,-0.035789,-0.002011,0.153652,0.039655,-0.045386,-0,0.032196,0.005218,-0.004686,-0.006763,-0.016976,0.022968,-0.022749,-0.006818,0.089192,-0.081359,-0.01731,0.033745,0.049892,0.02247,0.020959,-0.040052,0.043621,-0.028256,0.020927,0.058564,0.005238,0.00971,0.007398,0.031612,-0.071101,0.058333,-0.042,-0.131301,0.01023,0.039422,-0.124197,0.007361,0.003736,0.00478,0.01216,-0.014388,-0.121763,0.044306,0.009354,0.020111,0.040773,-0.027553,0.110944,-0.089949,-0.009029,-0.024048,0.067146,0.042209,-0.014545,0.045814,0.012047,0.003623,-0.012016,-0.012063,-0.095269,0.283784,-0.082931,0.042623,-0.039855,-0.21004,0.037627,-0.006424,0.02701,0.044384
Y2014M4,-0.001957,-0.047202,0.011984,-0.095,-0.065877,0.062401,0.013761,0.036527,-0.012967,-0.071942,-0.133636,0.046947,-0.005964,0.034389,-0.125866,0.06059,-0.130459,0.038299,0.004579,-0.021927,0.00187,-0.003453,0.001854,-0.134377,-0.043178,-0.01272,0.006902,-0.121387,-0.02709,-0.011407,-0.03543,0.059829,-0.043953,0.052549,-0.088647,0.024385,0.028321,0.020649,0.061787,0.029117,0.041654,0.029621,-0.13474,0.088137,0.025098,-0.063108,-0.078797,0.023472,0.047265,-0.136919,0.029925,0.02451,-0.031021,0.00505,0.014599,-0.148064,0.056384,-0.003837,0.026286,0.054754,-0.041111,0.066847,0.014261,-0.045558,-0.019745,0.034861,0.009099,0.032657,-0.074635,-0.033014,-0.001977,0.049724,-0.070818,-0.012014,0.078363,-0.02151,-0.094211,0.036828,-0.085192,-0.070634,-0.073276,0.125,0.051824
Y2014M5,0.078431,0.029497,-0.047346,-0.134175,-0.022722,-0.025366,-0.488688,0.045877,0.089067,0.025536,0.040505,0.131499,0.018,-0.052243,0.135079,0.207926,0.001271,0.024676,-0.031905,-0.037389,0.021241,0.038425,0.034238,0.020574,0.034296,0.027368,0.022205,0.037281,0.217671,0.054132,0.004983,0.047742,0.104663,0.016748,0.114334,0.000429,0.063697,0.058224,0.026104,0.016822,0.039458,0.027104,-0.088806,0.036503,-0.047688,0.010379,0.039658,0.077996,0.026206,0.150142,-0.043584,0.025794,0.043482,0.016382,0.035971,-0.016043,0.266208,0.020194,-0.007287,0.040508,0.095017,0.085743,-0.018697,-0.054893,0.017944,0.004679,-0.096358,0.02851,0.037405,0.0212,0.036972,0.012895,0.051248,0.155937,-0.295011,0.084343,0.050552,0.074053,0.297447,-0.095392,-0.088372,-0.077485,-0.025851
Y2014M6,-0.089091,0.053916,0.05386,0.136737,0.116116,0.11691,0.238938,0.021763,0.009814,0.009337,0.072295,0.08072,-0.056974,-0.024499,-0.141457,0.087884,0.007453,-0.059455,0.055556,-0.044781,0.024628,0.142639,0.019805,-0.075137,0.144852,0.014503,0.005271,-0.039112,0.074758,0.022859,0.02562,-0.105937,-0.059032,0.05512,0.07657,0.032519,0.030872,0.023269,0.019569,0.012037,-0.009395,0.02277,0.053711,0.071244,0.05058,-0.015307,0.052356,-0.002587,0.044393,0.061576,-0.01519,0.001391,0.022209,0.021227,0.072222,0.121943,-0.045384,0.017281,-0.012705,0.0354,0.110521,0.017302,-0.038793,-0.068182,0.038346,0.030606,0.068675,-0.016842,0.04507,0.047361,0.031021,0.047025,0.005038,0.102723,0.112308,-0.008688,0.019358,0.083251,0.054496,0.070918,-0.010204,0,0.031595
Y2014M7,-0.057884,-0.013488,-0.012503,-0.048116,-0.092449,0.102679,-0.146429,-0.013721,-0.033232,0.150815,-0.125413,-0.058493,0.041667,-0.180342,0.056396,-0.207843,-0.130628,-0.037981,-0.069643,-0.044766,-0.019957,-0.086526,-0.01188,-0.175694,-0.079268,-0.009476,-0.023343,-0.112211,-0.025573,-0.014794,-0.031661,-0.113747,-0.043287,-0.034665,-0.103841,0.051341,-0.072305,-0.024257,-0.023352,-0.084793,-0.016486,0.014312,-0.035218,-0.014613,0.004319,-0.078315,-0.092632,-0.036491,-0.060942,0.109049,0.159383,-0.016508,-0.025238,-0.015149,-0.079016,0.036496,-0.060138,-0.00906,-0.002288,-0.009104,-0.044976,-0.270742,-0.06922,-0.086721,-0.030222,-0.03303,-0.077536,-0.053266,0.014016,-0.113631,0.010012,0.207595,-0.105263,-0.076319,-0.045643,-0.024624,-0.123706,0.048636,-0.040581,0.078824,-0.100515,0.030127,-0.05201
Y2014M8,-0.055085,0.041136,0.090808,-0.026959,0.033461,0.047124,0.154812,0.025168,0.026097,0.167651,0.014054,0.167264,-0.05,-0.189438,0.102715,0.224591,0.034282,0.052733,0.002879,0.042066,0.042566,0.125444,0.04272,0.019231,-0.039627,0.03982,0.000775,0.039653,0.147806,0.05655,0.055556,-0.013634,0.022131,0.021836,0.014286,0.071955,-0.115057,0.021097,-0.005015,0.025127,0.006349,0.073012,0.03708,0.13262,0.075012,0.090544,0.077546,-0.007595,0.087984,0.15272,0.042129,0.054728,0.057956,0.018537,0.019691,-0.002347,-0.020373,0.027429,0.007504,0.044202,0.08517,0.132367,-0.000767,0.008902,0.055724,-0.069257,0.006947,0.061154,-0.0521,0.027827,0.042412,0.027254,-0.007003,0.068044,0.326087,-0.01027,0.1051,0.056067,0.129921,-0.035731,-0.04298,-0.023092,0.060011
Y2014M9,-0.136771,-0.02039,-0.061362,0.108225,-0.055964,-0.163069,-0.028985,-0.076206,-0.024654,-0.101116,-0.067164,-0.135517,-0.025263,-0.175258,0.00636,0.137247,0.002367,0.060454,-0.008612,-0.021246,-0.021117,-0.023396,-0.009041,-0.063679,-0.104369,-0.019443,-0.005452,-0.359952,-0.096945,0.067281,-0.042915,-0.107157,-0.007217,-0.077342,-0.067223,-0.033792,-0.020654,-0.002774,-0.042339,-0.070075,0.009366,-0.058429,0.068544,-0.121611,-0.128,0.044376,-0.139811,0.014701,-0.07372,-0.058076,0.012766,-0.063731,0.002482,-0.021614,0.068966,-0.289706,0.073889,-0.031355,-0.062733,0.020008,-0.065338,0.038997,0.1185,-0.108824,-0.036667,-0.073534,-0.118951,-0.054937,-0.096467,-0.09225,-0.009421,-0.034286,-0.136558,0.103811,-0.071038,-0.146347,-0.093979,0.035828,-0.055397,-0.061758,0.107784,-0.062992,-0.018914
Y2014M10,0.168831,0.04024,0.092613,0.051562,0.159627,-0.210316,0.212687,0.061456,-0.000539,0.143341,0.045714,-0.01255,-0.155508,-0.241667,-0.139001,0.192239,0.050295,-0.000498,0.124638,-0.036179,0.027057,0.03284,0.027459,0.366079,0.170732,0.025472,0.016535,0.309125,0.152319,0.037541,0.083756,-0.065831,0,-0.035312,0.07445,-0.04347,0.083516,0.015406,-0.056475,0.094324,0.024379,0.08919,0.06016,-0.093717,0.014611,0.056113,0.036338,0.106315,0.102248,-0.069364,-0.073529,0.07269,-0.031351,0.007148,-0.029677,-0.336667,0.035851,0.016185,0.10055,0.071346,0.038671,0.037534,0.014024,0.079208,0.035144,0.154353,0.006152,-0.077508,0.104904,0.079217,0.008634,-0.060619,0.179572,0.05076,-0.127059,0.057483,0.131086,0.001012,-0.129461,0.111392,-0.110811,0.107563,0.079916
Y2014M11,-0.124444,0.033126,0.017628,-0.008915,0.009514,-0.317929,-0.067692,0.020904,0.015454,0.128003,-0.027945,-0.096163,0.043478,0.06044,0.082143,-0.245069,0.028102,0.106102,-0.039519,0.001126,0.02476,0.042553,0.030619,0.017824,0.020833,0.063391,0.007009,-0.049787,0.063632,0.021983,0.003513,-0.014861,0.012924,-0.086937,-0.051968,-0.022926,0.073614,0.023611,0.014823,-0.017662,0.020975,0.026751,-0.098446,-0.079555,0.043704,0.050149,0.066051,0.009439,-0.033717,0.440994,-0.031746,-0.016298,-0.020498,0.020924,0.115692,-0.050251,-0.049442,0.019953,0.022645,0.077455,-0.005728,0.123514,0.09328,-0.159021,0.024563,0.034537,-0.113396,-0.082326,0.220225,-0.001024,0.051166,-0.034325,-0.057263,0.04463,-0.227763,0.06705,-0.057395,-0.069915,-0.117575,0.009339,0.279696,-0.025797,-0.00852
Y2014M12,0.025381,-0.000784,0.035236,0.028486,-0.002011,-0.209959,-0.009901,0.005006,0.020833,0.046226,0.046223,-0.028389,0.061275,-0.072539,0.078548,-0.043547,-0.047315,0.026495,0.06619,-0.059618,-0.000397,-0.205845,-0.007267,0.001812,0.029478,0.017171,0.006221,0.218563,0.074698,0.072317,0.020767,-0.01947,0.025837,-0.002187,-0.05814,0.028084,0.110625,0.006831,-0.064045,-0.064286,0.029578,0.0002,-0.014511,-0.058987,0.014439,0.046867,-0.082356,0.012022,0.065013,0.086207,-0.004684,-0.021776,-0.037632,0.002916,0.162098,0.06746,0.030621,0.011802,0.010388,0.073028,0.052048,0.067941,-0.016088,-0.04,0.001526,0.105054,-0.037868,-0.036566,0.088398,0.001917,-0.019239,0.16718,0.007418,0.018779,-0.204188,0.013914,0.086066,-0.000876,-0.014369,0.11916,-0.009548,-0.112072,0.068745
Y2015M1,-0.056931,-0.035345,-0.068074,-0.114432,-0.034574,-0.090303,-0.03,0.039488,-0.020513,0.036913,-0.036638,0.004369,-0.071594,-0.128492,-0.043615,0.20654,-0.108917,-0.030223,-0.075567,-0.161084,-0.02723,0.057741,-0.019104,0.042797,0.07489,-0.020616,0.015625,-0.157248,-0.019837,0.003315,-0.025039,0.077666,0.142413,-0.045604,-0.067019,-0.094094,-0.032152,0.011148,-0.176127,-0.00554,0.010014,0.016956,-0.248113,-0.016908,-0.096948,-0.00443,0.01167,-0.011638,0.043052,-0.208995,-0.025882,0.020676,-0.007176,-0.012134,-0.033333,0.022388,-0.155067,-0.02333,0.071158,0.075378,-0.055886,-0.196463,0.117811,-0.128788,-0.009022,0.237533,-0.032582,0.035479,-0.015651,-0.07166,-0.038697,-0.116913,0.081001,-0.184332,0.214912,0.023019,-0.101245,-0.093518,0.293288,-0.070377,-0.023981,0.097623,0.038092
Y2015M2,0.154856,0.09819,0.028158,0.133333,0.0336,0.126915,0.137457,-0.017742,0.025759,0.085761,0.102075,0.262915,0.0199,0.147436,-0.004502,-0.006183,0.105898,0.006369,0.065395,0.156844,0.05649,0.081719,0.059691,0.052023,-0.073771,0.070709,-0.006923,0.161808,-0.11343,0.060737,0.002809,-0.115115,-0.129015,0.04593,0.164461,-0.014613,0.131085,-0.011372,0.088191,0.041504,-0.017597,0.068066,0.136597,0.080736,0.042032,0.017628,0.222466,0.073952,0.02957,0.088629,0,0.051437,0.113424,0.023127,-0.193634,0.038929,-0.061836,0.04005,-0.09911,0.033092,0.069869,0.125604,0.234481,-0.026087,0.062148,0.235098,-0.02115,0.06162,0.021487,0.125535,0.083798,0.007245,0.074932,0.072316,-0.126354,0.07659,0.059036,0.07414,0.074943,0.109545,0.474201,0.022854,-0.085099
Y2015M3,0.25,-0.022001,0.014551,-0.047204,0.030684,-0.08661,0.691843,-0.010451,0.013679,0.005492,0.099237,0.087406,-0.134146,-0.24581,-0.181744,0.057726,-0.001652,0.08752,0.016198,0.106409,-0.010516,-0.189983,-0.017292,0.051648,-0.028761,0.001245,0.004829,0.070263,-0.001239,-0.022161,0.007252,-0.013749,0,-0.011707,-0.030185,-0.015817,0.019259,-0.00665,0.023352,-0.008356,0.005857,-0.012343,0.047814,-0.014454,-0.029076,0.040027,0.092788,-0.022012,0.041022,-0.081413,-0.009662,0.031095,-0.007184,-0.01495,-0.00921,-0.156469,-0.057673,0.002288,-0.007899,0.077442,0.064178,-0.095272,0.005773,0.116071,0.013924,0.013127,-0.058767,0.021739,-0.000841,-0.035488,-0.032421,-0.023666,0.035578,-0.151739,-0.493802,-0.268087,0.003413,-0.024732,-0.122592,-0.086413,-0.038333,0.0125,-0.007924
Y2015M4,-0.003636,0.037877,-0.005108,-0.035061,-0.074512,0.226861,0.030357,-0.021788,-0.01417,-0.103525,-0.031019,0.043952,-0.36338,-0.059259,0.10619,-0.057516,0.025059,-0.080895,0.020991,-0.016387,0.005006,0.008636,0.003651,-0.043887,-0.04328,-0.010402,0.007944,-0.063306,-0.044295,-0.020581,-0.0332,-0.00429,0.029844,0.065739,0.110733,0.08661,-0.020666,0.018258,0.030885,0.018904,0.016691,0.004477,0.082425,0.207517,-0.024234,-0.100552,-0.120683,-0.065351,-0.065387,-0.172241,0.182951,-0.036271,-0.020983,-0.000804,0.10757,0.064067,0.092896,0.034247,-0.037105,-0.101096,-0.036784,-0.057799,0.092186,0.012,-0.011557,-0.078983,0.165668,0.070638,-0.000421,0.019723,0.022008,0.051357,0.099387,-0.017391,0.008163,0.016475,-0.07574,0.043131,0.335525,-0.046865,-0.001733,0.094136,-0.013137
Y2015M5,0.00365,0.011731,-0.070012,0.012638,0.003162,-0.129781,0.060659,-0.017796,0.013963,0.07311,-0.029623,-0.027878,-0.00885,0.007874,-0.019139,-0.108333,0.100784,0.059359,0.018915,0.027163,0.013778,0.039446,0.019101,0.059016,0.004762,0.010561,0.011025,-0.060075,-0.039303,0.076798,0.008333,0.220786,0.029889,-0.051887,0.015337,-0.065704,0.039159,-0.014111,-0.055851,-0.019241,-0.019929,-0.011142,0.033042,-0.089051,0.119745,-0.003431,0.025485,0.040696,-0.009575,0.137374,-0.043319,-0.019933,0.023844,-0.004492,-0.238609,-0.060209,0.081244,0.014183,0.001489,0.059135,0.094583,-0.040616,0.100678,0.003953,0.006301,0.092608,-0.051932,-0.021726,0.106571,0.041612,0.023399,0.110599,0.060268,-0.189633,-0.097166,-0.094543,-0.028343,-0.135743,0.121402,0.049394,-0.074653,0.008463,-0.005023
Y2015M6,0.02,-0.013497,0.084879,-0.096724,0.092244,0.01849,-0.017974,-0.059342,0.017618,-0.014786,0.096742,0.071206,0.25,0.117187,-0.018293,-0.057632,-0.068747,0.066048,0.09201,0.04269,-0.017474,-0.032956,-0.018224,0.060888,-0.045024,-0.005544,-0.019907,-0.002663,-0.038209,-0.017424,0.015702,-0.138475,-0.05716,-0.034713,0.021148,-0.053716,-0.016309,-0.138812,-0.012676,-0.06156,-0.038022,-0.012719,0.144118,-0.063803,-0.088086,0.049837,0.073643,-0.042598,-0.02867,0.325044,-0.060345,-0.037219,-0.010903,-0.029859,-0.070866,-0.160167,-0.112709,-0.027533,-0.057389,-0.003984,-0.133496,-0.069903,-0.069607,0.055118,-0.008435,-0.028506,-0.004366,-0.097471,0.118005,-0.057271,-0.044246,0.033817,-0.013728,-0.121295,-0.040359,-0.048329,0.062777,-0.025477,0.052687,0.014976,-0.033771,0.01958,-0.049224
Y2015M7,0.131907,0.03016,-0.038923,-0.042314,-0.025471,-0.390179,-0.161398,0.018844,-0.013,-0.087414,-0.0009,-0.083409,-0.078571,0.489511,-0.005093,-0.023554,-0.054574,0.078963,0.031828,0.067029,0.017774,0.002065,0.035245,-0.094844,-0.176179,0.051006,0.00807,-0.136182,0.040128,0.010758,-0.001661,0.01623,0.012344,-0.076903,0.065089,-0.042097,0.144363,0.034884,-0.020613,-0.000299,0.016922,-0.002863,-0.053021,-0.135781,0.013377,0.039029,-0.04226,-0.04724,0.039194,0.160858,-0.013761,-0.02506,0.024233,-0.009505,-0.362712,-0.346667,0.009409,0.024915,0.033596,0.082333,-0.048849,0.039308,0.159262,-0.160448,0.019089,-0.012181,-0.223787,0.025632,-0.02117,-0.094236,0.021401,-0.022027,0.066381,-0.167332,-0.383178,-0.310972,0.023381,0.00387,0.218026,0.226602,0.038835,0.210562,0.077974
Y2015M8,-0.029921,-0.07124,-0.013766,-0.187535,-0.074744,-0.056613,-0.007937,-0.045906,-0.053495,-0.049625,-0.041892,-0.094178,0.027132,-0.023521,0.018839,-0.071217,0.010778,-0.070557,-0.008608,-0.086927,-0.061251,-0.073933,-0.060687,-0.056959,-0.039157,-0.068874,-0.00142,-0.027821,-0.120563,-0.005965,0.009567,-0.044822,0.033956,-0.042519,-0.129167,-0.110254,-0.10059,-0.012945,-0.105727,-0.02145,0.009145,-0.093598,-0.086189,0.020954,0.118464,-0.113022,-0.065632,-0.004901,-0.094987,-0.15358,-0.065116,-0.093321,-0.057594,-0.057659,-0.029255,-0.040816,-0.227527,-0.086298,-0.025862,-0.118119,-0.040494,-0.124357,-0.10457,0.168889,-0.062787,-0.117144,0.180277,-0.016445,-0.181818,-0.058105,-0.058647,0.261731,-0.044177,-0.154584,0.348485,0.007279,-0.002929,-0.097296,0.006299,-0.112562,-0.121495,-0.031728,-0.029829
Y2015M9,-0.058442,-0.005041,-0.000208,0,-0.045872,-0.210036,-0.248,-0.027487,0.023335,-0.010079,-0.002356,-0.014696,-0.135849,-0.139382,-0.085799,0.096303,0.012175,0.009547,0.065123,-0.106359,-0.029652,-0.227511,-0.023738,0.023932,0.050157,-0.014907,0.006508,-0.119237,-0.078087,0.008942,0.005809,-0.028047,0.090909,-0.071532,-0.058823,-0.076552,-0.039861,-0.07081,-0.133005,-0.037695,0.028749,-0.000318,-0.026736,-0.151051,0.049969,-0.002635,-0.133365,-0.090865,-0.039131,-0.219645,0.044776,-0.011458,0.008338,-0.034341,-0.082192,-0.087766,0.110282,-0.041471,0.042035,0.045507,0.156072,-0.107687,-0.226453,-0.057034,-0.045979,-0.005407,-0.155498,-0.121851,-0.034946,-0.100946,-0.014171,0.249587,-0.110643,-0.317781,-0.044944,-0.052394,0.003525,-0.009407,-0.102321,-0.128776,0.068936,-0.050907,0.038944
Y2015M10,0.046552,0.092244,0.113149,0.108007,0.133363,0.128356,-0.018617,0.088076,0.072555,0.078988,0.068021,0.09439,-0.148472,-0.089385,0.09021,0.283722,0.123113,0.088129,-0.008163,0.040366,0.079814,0.186802,0.095238,0.220924,-0.035821,0.074784,0.020761,0.296029,0.131811,0.085598,0.070957,0.062708,-0.105501,0.111601,0.080756,0.063648,0.019013,0.101999,0.05999,0.068301,0.015549,0.112277,0.053033,0.102833,0.062628,-0.135941,-0.034502,0.113276,0.068353,0.283217,-0.038119,0.143515,0.096883,0.064781,0.074627,0.288235,-0.026348,0.071392,0.068699,0.047962,0.027269,0.005045,-0.474324,0.056452,0.053443,0.057592,0.057369,0.068075,0.067317,0.089864,0.10455,0.619813,0.277251,0,0.082353,-0.127741,0.09,-0.021383,0.049584,0.201378,0.130573,-0.112207,0.01518
Y2015M11,0.116969,0.020896,0.032907,0.068908,0.034278,-0.041788,0.430894,-0.038847,-0.015686,-0.0835,0.00973,0.034174,-0.076923,-0.515337,-0.068425,-0.071301,0.049979,-0.060096,0.093278,-0.118,0.005773,-0.088162,0.001469,0.021878,-0.021672,-0.009262,-0.002964,0.047354,0.113937,-0.004834,0.025039,-0.026632,0,-0.000147,-0.060413,-0.059542,-0.003425,-0.022972,-0.025271,-0.031173,0.005908,-0.014584,0.073913,-0.024894,-0.070614,0.002417,0.05814,-0.034044,-0.010076,-0.084469,-0.074234,-0.080887,-0.009888,0.017482,-0.030556,-0.041096,0.123946,-0.015871,-0.046924,-0.000926,0.117058,-0.067181,-0.040631,-0.160305,0.003412,-0.071029,0.025179,-0.023816,-0.360157,0.05008,0.009703,0.142975,0.100559,0.23475,0.11413,0.29071,0.051808,0.049609,0.137941,0.092692,-0.044014,0.017361,-0.013482
Y2015M12,-0.117994,-0.015774,-0.027854,-0.042453,-0.024347,-0.428225,-0.056818,0.009186,0.015936,-0.057771,-0.09482,-0.067663,-0.216667,-0.411392,-0.126603,0.033928,-0.054739,0.078171,-0.016939,0.005265,-0.021058,-0.088062,-0.015883,0.013381,0.031646,-0.010109,0.012893,-0.18484,-0.030949,-0.005896,-0.031611,0.055678,-0.001224,-0.10523,-0.060914,0.043526,0.013388,-0.025424,-0.098148,0.009003,0.014779,-0.081829,-0.166329,-0.058367,-0.018773,0.058089,-0.088984,0.01782,-0.070077,-0.087798,0.130989,0.008568,-0.037177,0.010811,0.025788,-0.107143,-0.185556,-0.003856,-0.012008,0.110728,-0.089879,-0.111711,0.129947,0.040909,-0.022593,0.120714,-0.06148,-0.066328,-0.014276,-0.105227,-0.026507,-0.193059,0.031303,-0.026946,-0.219512,0.410669,-0.034377,-0.133028,-0.07257,-0.043007,0.429098,0.021079,0.005342
Y2016M1,-0.005017,-0.08583,0.010861,-0.178982,-0.046907,-0.221398,-0.267068,-0.057592,-0.007078,-0.039653,0.045587,-0.155907,0.177305,-0.419355,-0.046636,-0.161367,0.070258,-0.116557,-0.093291,-0.179345,-0.057186,-0.01344,-0.051612,-0.088908,-0.092025,-0.053301,0.014107,-0.143556,-0.023369,-0.056343,-0.023089,0.04282,0.031245,-0.03498,-0.025225,0.060448,-0.063825,0.061404,-0.027443,-0.058442,0.026065,-0.049794,-0.27762,-0.026921,-0.059958,0.037331,-0.028832,-0.032459,0.024936,-0.319739,-0.054351,-0.011309,-0.056915,-0.063218,0.120112,-0.086021,-0.09618,-0.068387,-0.012997,-0.072197,-0.145127,-0.040206,-0.112445,-0.039301,-0.091474,-0.066874,-0.009961,-0.208628,-0.184138,-0.029401,-0.056246,-0.04878,-0.053322,-0.143077,-0.11875,0.168067,0.000534,-0.061677,-0.197062,-0.076787,-0.078608,-0.021312,0.060107
Y2016M2,-0.003361,-0.020759,-0.080956,0.306,-0.048484,-0.454422,0.046575,0.005594,0.002167,0.02984,-0.228664,0.04224,-0.162651,-0.259259,-0.074661,-0.033953,-0.054506,0.002701,-0.01339,-0.251124,0,0.052766,-0.007579,-0.028019,0.358108,0.008909,0.015611,-0.001905,0.059621,-0.022463,0.031377,0.120681,-0.004901,-0.028002,-0.22366,0.061921,-0.005268,0.003333,-0.047733,0.03069,0.015629,0.027704,-0.094398,0.034754,0.128365,0.001206,-0.016359,-0.024683,0.032379,0.057554,-0.025,0.049301,-0.049319,0.00929,0.114713,0.670588,-0.014026,0.022161,0.002813,0.031049,0.051231,-0.042864,-0.270672,-0.090909,0.003775,0.056978,-0.074864,-0.098874,0.207946,0.122748,-0.012573,0.076923,-0.059792,0.208258,-0.248227,0.170606,-0.013867,0.012194,0.017095,-0.056152,0.005594,-0.000683,-0.010469
Y2016M3,0.129848,0.091488,-0.002836,0.050536,0.073634,0.990025,0.225131,0.10084,0.072673,0.05156,0.0193,-0.002638,0.014388,0.4,-0.202585,-0.177406,0.004447,0.100292,0.066429,0.060015,0.070581,0.137226,0.070157,-0.032803,-0.072139,0.058048,0.017813,0.061069,0.166541,0.069294,0.054893,-0.076407,0.141493,0.101845,0.063666,0.08275,0.06714,0.043551,0.092732,0.06723,0.021763,0.134703,0.187133,0.113796,0.090328,-0.070884,0.122883,0.103915,0.088486,-0.011338,0,0.109207,0.090882,0.05472,-0.060403,0.072183,0.038062,0.045392,0.134352,-0.041594,-0.075779,0.103219,-0.600304,0.98,0.080741,0.093914,0.116313,0.241312,0.225332,0.113208,0.09183,0.24515,0.087963,0.215453,-0.113208,-0.099649,0.023797,0.097104,0.094422,0.022335,-0.029207,0.033479,0.086424
Y2016M4,0.068657,-0.002781,-0.004063,-0.05102,0.015653,0.503759,0.019231,0.014085,0.00612,-0.073548,0.132544,-0.116615,0.042553,0.857143,0.282961,-0.027976,-0.091714,-0.070495,0.094023,0.076433,0.002317,0.048353,-0.015617,-0.023638,0.115281,-0.010356,-0.009578,0.285971,0.071302,-0.000334,0.002262,-0.137881,-0.139775,0.090645,-0.051802,0.055457,-0.058879,0.027508,0.166727,0.028434,0.03861,-0.027882,0.193851,0.054417,-0.105249,0.008052,-0.066648,0.085717,0.004641,0.21789,-0.028205,0.035104,0.031026,0.033528,-0.02381,0.628289,0.163704,0.019737,-0.027068,-0.074771,-0.099118,-0.115794,0.268441,-0.060606,0.008533,0.020104,0.070343,0.040972,-0.06225,0.011349,-0.057327,0.006415,0.080851,0.061125,0.308511,-0.140907,0.082228,0.08712,-0.119339,-0.061768,-0.015759,0.02713,-0.016545
Y2016M5,0.002793,0.057775,0.042024,0.049155,0.015922,0.029167,0.247379,0.006353,0.027742,0.130571,-0.00418,-0.004355,-0.176871,-0.326923,0.101549,0.132808,0.107707,-0.019572,-0.028852,-0.052327,0.021298,-0.047934,0.02688,0.111579,-0.004808,0.003742,-0.002064,-0.036364,-0.022286,0.055915,0.028217,-0.015151,0.158383,-0.009333,0.009501,-0.000723,-0.019173,0.044444,-0.055666,0.0279,0.026032,0.041691,0.118289,-0.032326,0.10016,-0.029145,0.072289,0.054764,0.042211,-0.053672,-0.073852,-0.004456,0.019656,-0.025163,0.039024,-0.155556,-0.022997,0.011626,0.003991,0.013422,0.103687,-0.093243,-0.147182,-0.526882,0.021203,0.363843,-0.05847,0.161937,-0.190621,-0.016912,0.056805,-0.245751,-0.118577,-0.21659,-0.121951,-0.045971,-0.032843,-0.101629,0.139287,0.045089,-0.133916,-0.093754,0.017048
Y2016M6,0.093315,-0.009021,-0.048397,-0.029283,0.000579,-0.250202,-0.082353,0.052097,0.053717,-0.050511,-0.026302,-0.063696,-0.008264,-0.057143,-0.019687,-0.117702,-0.026588,-0.074152,-0.001896,-0.217836,0.002425,-0.442708,-0.003157,0.040246,0.048309,-0.007344,0.024077,0.05225,0.113199,0.035127,0.045655,-0.065698,0.28159,0.027014,-0.174118,0.101129,0.07584,0.056662,-0.174737,0.029692,0.020535,-0.04589,-0.087432,0.070695,-0.049226,0.019569,0.028775,-0.012202,0.019039,-0.160199,0.085439,0.023151,0.014585,0.023609,0.025822,0.245215,0.024846,0.019172,0.140829,0.028803,-0.031971,-0.056878,-0.292091,-0.153409,-0.00394,0.07656,-0.042602,0.018582,0.10459,-0.030829,-0.023115,0.098592,-0.007175,0.032353,-0.018519,-0.069601,-0.104916,-0.003158,-0.108121,0.139356,-0.018487,0.008953,0.101125
Y2016M7,0.192357,0.048493,0.025016,0.075415,0.00336,-0.204104,0.062271,0.070474,0.096154,0.048956,0.084279,-0.020146,0.216667,-0.090909,-0.01307,0.103466,0.107305,0.057014,0.057778,0.080374,0.03899,0.041277,0.045882,0.061903,0.103687,0.040996,0.00098,0.306207,0.070005,0.093142,0.015771,-0.11761,-0.160233,-0.012603,0.273504,0.024989,-0.048277,0,0.097285,0.038102,-0.014112,0.045358,0.038067,-0.034253,0.084621,0.035361,-0.030634,0.089384,0.018382,0.386256,0.03937,0.084962,-0.001855,0.04256,-0.034325,0.098077,0.114231,0.056065,0.046914,-0.070671,0.101787,0.151385,0.107249,0.248322,0.04815,0.016315,-0.068458,-0.033881,0.038147,0.061611,0.084062,0.159345,-0.009937,0.123932,-0.19717,0.202685,0.064846,0.162979,-0.002514,-0.019556,-0.003425,0.063845,-0.016142
Y2016M8,-0.028846,0.020858,-0.012303,0.091164,0.096736,-0.010855,-0.081035,-0.018265,-0.030409,0.049782,-0.001993,-0.01758,-0.006849,-0.167,0.005208,-0.127924,0.067737,0.030608,0.079232,0.128028,0.001794,-0.013772,-0.002653,0.019717,0.070981,-0.012926,-0.00053,0.055966,-0.042798,0.09546,0.020819,0.059238,-0.109973,0.016771,0.04698,-0.019417,0.023155,-0.033838,0.056604,0.042836,-0.019601,-0.021695,0.081994,-0.002492,-0.04735,0.139372,-0.013465,-0.011667,0.01302,0.073504,-0.055556,-0.004121,0.039449,0.005873,0.331754,-0.294221,0.113793,0.020433,-0.026354,-0.060836,0.045209,-0.017103,0.301794,0.209677,-0.007342,-0.164862,0.020944,-0.016218,-0.177822,0.05835,0.021379,-0.10104,-0.071168,-0.154626,0.245593,0.088251,0.071047,0.022233,0.067945,0.070898,0.030928,-0.007057,-0.047375
Y2016M9,0.133113,0.008969,0.020731,-0.050129,0.032572,0.198903,0.219512,-0.011696,-0.022794,0.146094,0.121622,-0.047012,0.268966,-0.359744,0.194948,0.022989,0.002398,0.021339,-0.01168,0.007669,0.001834,-0.006206,0.003364,0.058008,0.033138,0.000919,-0.01117,-0.156,0.005808,-0.041784,-0.021558,-0.023469,0.030822,0.036645,-0.032375,0.055829,-0.001115,0.05063,-0.015625,-0.026412,0.004351,0.044227,0.045697,0.06618,0.141029,-0.054738,-0.033426,0.005015,-0.019803,0.007962,0.069519,0.041944,-0.007964,-0.019209,0.106762,0.07072,0.039732,-0.022673,-0.041339,-0.07221,0.029731,0.038777,-0.154323,0.004444,0.004422,0.111976,0.003059,0.060911,-0.027933,-0.012474,0.023653,-0.052066,0.108588,-0.103448,-0.123396,-0.048363,-0.008977,-0.000207,0.011288,-0.052828,0.043333,-0.021333,0.016577
Y2016M10,0.087379,-0.009776,0.020511,-0.036536,-0.009834,-0.057208,0.067692,-0.075,-0.005913,-0.03486,-0.056225,-0.104074,-0.048913,-0.203125,0.005149,-0.037453,-0.063857,0.005735,0.053582,0.057839,-0.021687,-0.164715,-0.021382,-0.060389,-0.014151,-0.023112,-0.020602,-0.099526,-0.057883,-0.052664,0.042644,0.063576,-0.122924,-0.028183,0.119101,-0.047939,0.026172,-0.017647,0.108914,-0.027339,-0.041834,-0.004548,0.079752,-0.007985,-0.09078,-0.023597,-0.108069,-0.189355,-0.084107,-0.205371,0.0125,-0.035158,-0.062028,-0.019684,0.07717,-0.174014,-0.034243,-0.017094,-0.098434,0.043801,-0.021998,0.046267,-0.27332,-0.026549,-0.040245,0.035242,-0.147829,-0.061628,0.002463,-0.029524,-0.003445,-0.178383,-0.234194,-0.172241,-0.149806,0.018994,-0.001011,-0.063785,0.267073,-0.058098,0.030351,0.058583,0.024981
Y2016M11,0.130357,-0.005515,0.255567,0.102528,0.224639,0.48301,0.208934,-0.071244,0.028263,0.072776,0.268085,0.131439,-0.057143,0.215686,-0.077341,-0.029034,0.067623,0.054175,0.200214,-0.040288,0.04577,0.105769,0.012721,0.052008,0.110048,0.05198,-0.007389,0.263158,-0.039915,0.08681,0.110089,0.044231,0.209091,0.084669,0.098394,-0.009938,0.028708,-0.049774,-0.066116,-0.013182,-0.06,-0.045403,0.226813,0.054989,0.101922,0.078595,0.164782,-0.033586,0.111111,0.779324,0.08642,0.037255,0.022423,-0.027973,0.285075,-0.157318,0.225773,0.014907,-0.009483,0.046482,-0.005155,0.534171,-0.11491,-0.077273,0.04178,-0.03391,0.190526,0.000286,0.203112,0.051905,0.002951,-0.032086,0.147674,-0.060606,-0.024051,0.020151,0.264542,0.071978,-0.063026,0.200987,-0.116279,-0.073359,-0.030414
Y2016M12,-0.019747,-0.026231,0.099291,0.042038,-0.003002,-0.016367,-0.134684,0.032303,0.001617,0.116162,0.15353,0.062794,-0.242424,1.83871,-0.023529,0.074756,0.118377,0.012643,0.124442,0.072714,0.019109,0.030435,0.014767,0.036174,0.051724,0.002551,0.021803,0.041667,-0.041574,0.008377,0.034569,-0.023941,0.102757,0.017363,0.078611,0.016446,-0.02325,0.016,0.146018,0.056656,0.016879,-0.008709,0.077663,-0.063605,-0.002239,-0.061005,-0.034674,0.015511,0.057755,-0.034637,0.045455,0.099783,0.007367,0.080267,-0.018583,-0.058528,0.06434,0.026055,0.038004,0.068421,0.119149,-0.091954,-0.080431,0.118227,-0.002348,-0.020028,0.061892,0.03091,0.05582,0.00872,0.013767,0.109392,-0.008147,0.16129,0.348897,0.032099,0.0888,-0.065976,0.05812,0.042984,-0.087719,0.013889,0.067086
Y2017M1,-0.068493,0.076435,-0.036559,0.094132,0.03307,-0.077371,-0.020661,0.026027,0.026683,0.022624,-0.021859,0.04579,0.176,-0.052273,-0.009337,-0.014446,-0.035945,0.063773,-0.030989,0.062194,0.018048,-0.086076,0.028957,-0.078355,0.016393,0.030193,-0.014218,-0.09,-0.078234,0.004759,-0.061361,-0.012903,-0.126136,-0.03213,0.047458,0.045847,-0.009908,0.063492,0.084803,0.017857,0.030022,0.047561,0.052296,0.015086,0.010392,-0.101555,0.056035,0.146609,0.017316,0.032407,0.021739,-0.016667,0.024825,-0.012209,0.024852,0.177936,0.012248,0.019347,-0.035355,-0.015937,0.013097,0.142857,-0.050964,-0.044053,0.037085,0.007752,0.035804,0.026652,-0.105093,0.055001,0.047152,-0.251256,-0.022587,-0.203704,0.125,-0.095694,0.078482,0.058626,0.136591,0.000606,-0.009615,0.214178,0.00132
Y2017M2,0.010381,0.047965,0.023363,0.119553,-0.028494,-0.021641,0.264416,0.037634,0.047581,-0.202434,0.039232,0.024011,-0.142857,-0.333333,-0.035222,0.091058,0.016323,0.016612,0.01312,-0.007237,0.037007,0.063374,0.040506,0.072391,-0.209677,0.023266,0.007452,0.016483,0.154622,0.016364,-0.017799,-0.026144,0.057217,-0.020851,0.050162,-0.026048,0.058762,0.001504,-0.026978,0.01652,-0.013384,0.047715,0.080606,-0.056743,0.01683,-0.050786,-0.032653,-0.010564,0.014276,0.26009,0.053191,0.065937,0.031965,0.03484,0.02194,-0.160121,-0.158842,0.049822,-0.009359,-0.060071,0.067139,-0.068671,0.043541,0.059908,0.029219,0.164336,-0.013666,-0.066998,-0.185879,0.016954,0.049476,0.281879,0.043067,-0.151163,-0.042735,-0.01164,0.026648,-0.024216,0.010092,-0.017868,-0.009709,0.083094,0.027778
Y2017M3,0.208048,0.030423,-0.060584,0.06986,-0.057874,-0.128111,0.219132,-0.019557,0.058015,-0.052999,-0.055839,0.082759,-0.190476,-0.053957,0.015873,-0.128936,-0.015811,0.052904,0.050587,-0.016567,0.000587,0.291849,0.011848,0.159341,-0.040816,0.012823,-0.006949,0.07027,-0.002911,0.072282,-0.030484,-0.003356,-0.00984,-0.014864,-0.033898,0.013632,-0.038551,0.027231,0.121996,-0.00971,-0.006252,0.010252,-0.063937,0.009352,0.07931,0.048769,0.035162,0.045012,-0.019296,-0.160142,0.292929,-0.000721,0.014036,0.025346,-0.018079,-0.005396,0.054595,-0.012586,-0.032477,-0.072641,0.133673,-0.11414,-0.232962,-0.152174,0.006755,0.067868,-0.110839,-0.041962,0.097345,0.038483,0.025516,-0.293194,0.021255,0.027397,-0.181161,0.013514,-0.022629,-0.001264,0.039963,0.010638,0,-0.088542,0.015338
Y2017M4,0.066619,0.033051,-0.018648,-0.067164,0.037839,-0.122622,-0.129562,0.032129,-0.003623,-0.010309,0.083474,-0.053503,0.392157,-0.13308,0.062344,-0.072863,0.090171,0.048549,-0.025869,0.028302,0.010293,-0.042741,0.019435,-0.00237,0.021277,0.02672,0.012359,-0.040404,0.011679,-0.032164,0,-0.050505,0.006211,-0.029471,-0.036683,0.006284,0.042023,0.001484,0.084016,0.037316,0.02271,0.013439,-0.088077,-0.030467,0.018637,0.005232,0.058424,-0.020146,-0.003603,-0.161017,0.085937,0.084906,0.029919,0.059881,0.044879,-0.021739,-0.044271,0.041715,-0.037763,0.005426,0.003458,0.017308,-0.161378,-0.14359,0.019432,0.030457,-0.054995,-0.011104,-0.051613,0.020094,0.02249,0.222222,-0.10109,-0.133333,0.090394,0.053333,0.025606,0.043085,0.0297,-0.049123,-0.068627,-0.017714,0.024287
Y2017M5,-0.068439,0.060314,-0.046397,0.123,-0.047865,-0.149398,0.185535,-0.006527,0.017031,-0.081845,-0.05053,0.014805,-0.169014,-0.171053,-0.12,-0.022388,0.062589,0.043711,-0.047166,-0.027251,0.009905,0.029979,0.029676,0.023074,0,0.01392,0.015465,-0.089474,-0.067821,0.027844,-0.049556,0.129078,-0.104938,-0.035377,-0.008278,0.000215,-0.059452,0.038806,0.003067,0.02192,0.014996,0.028687,-0.03548,-0.029186,0.0138,-0.112243,0.02439,-0.003677,-0.047977,-0.195707,0.194245,-0.08139,0.02905,0.024574,0.244493,-0.033333,-0.007779,0.006674,-0.164476,0.008432,0.03377,-0.2862,0.302703,-0.113772,0.017307,-0.170772,-0.037827,-0.004786,-0.230442,0.030936,0.04334,0.193939,-0.020948,-0.476923,0.02,-0.098734,-0.075899,0.032496,0.071419,0.015402,-0.147368,0.036649,0.047136
Y2017M6,0.170471,-0.012164,0.026689,-0.062333,0.125528,-0.219547,0.043324,0.027778,0.026875,-0.027732,0.029615,0.029178,-0.09322,-0.528571,0.079125,0.017812,-0.035827,0.023412,0.036606,0.068318,0.008967,0.314622,-0.005605,0.003317,0.072917,-0.017637,0.013708,0.127168,0.03483,0.001271,0.04631,-0.003,-0.046897,-0.001083,0.008347,0.03644,-0.033449,0.017366,0.022936,-0.003814,-0.00181,0.035384,0.054496,-0.00345,0.041559,-0.020138,0.057644,0.079104,0.015552,0.065934,-0.198795,0.076375,0.002108,0.017013,0.083186,-0.06705,-0.0346,0.024609,-0.00307,-0.216924,-0.024398,0.095745,0.435685,-0.067568,0.014925,-0.058979,-0.016129,0.017313,0.135912,0.005816,-0.028785,0.076142,0.024915,0.117647,-0.083333,0.057865,0.128963,0.018994,-0.083768,0.091958,-0.024691,0.054994,-0.026525
Y2017M7,0.022547,0.03926,0.08286,0.041785,-0.012557,-0.047187,0.05678,0.024611,-0.013986,-0.018456,-0.000639,-0.137887,-0.028037,0.019529,-0.031357,0,-0.01648,0.018454,0.005229,0.05137,0.019034,-0.045862,0.026133,0.093884,-0.097087,0.017366,-0.002119,-0.035897,0.023934,0.069898,0.003519,-0.006697,-0.105644,0.026186,-0.011589,0.072373,0.030137,0.014183,0.035546,0.021857,0.070335,-0.008161,0.012274,0.027785,0.013861,-0.069029,-0.03436,-0.05514,0.043051,-0.111929,0.308271,-0.017669,-0.008136,0.048574,0.004902,0.069959,0.0657,0.027293,0.030504,0.051458,0.044878,0.349515,-0.048555,0.130435,0.017956,0.06338,-0.086066,-0.025449,-0.090467,0.005396,0.03643,-0.018868,-0.075138,-0.026316,-0.006417,0.050938,0.00128,-0.02761,0.215849,-0.046882,0.120253,0.074468,0.012005
Y2017M8,0.001788,0.0363,-0.013653,-0.084777,-0.074751,-0.148571,0.336808,0.002545,0.005674,-0.061538,-0.023985,-0.068759,0.259615,0.442096,-0.001623,-0.023869,0.049794,0.046421,-0.020808,-0.046254,0.001163,0.087222,0.014176,0.074947,0.064516,-0.021023,-0.002133,-0.074468,-0.144631,0.001186,-0.031907,0.107492,0.039644,-0.054788,-0.068677,-0.00626,0.015247,-0.002703,-0.035018,-0.001831,0.010602,0.020571,-0.052329,0.080925,0.077051,-0.11982,-0.001227,-0.058111,-0.035319,0.116086,-0.132184,0.011513,0.012379,0.010899,-0.03252,0.138462,-0.005682,-0.021254,-0.114642,-0.102977,0.030492,0.071223,-0.18469,0.23718,0.002986,0.063576,-0.158072,-0.115894,0.233155,-0.075272,0.03439,0.014423,-0.314217,0.216216,-0.2169,-0.066327,-0.011502,-0.004924,-0.038258,0.046,0.016949,-0.088119,0.049131
Y2017M9,0.118382,-0.00698,0.046601,-0.057769,0.09891,0.221477,0.157768,0.015326,-0.015515,-0.07156,0.107319,0.192616,0.122137,0.183206,-0.061789,0.004504,0.072207,-0.070668,0.095219,0.079235,0.024641,0.049055,0.010876,0.11133,-0.060606,0.006654,0.002623,0.258621,0.082835,0.068662,0.071429,0.147059,0.150973,0.101245,0.016168,-0.01705,-0.052515,0.020115,0.066052,0.009517,-0.018083,0.044248,0.155556,0.088084,-0.194397,0.032671,0.090909,0.026779,0.052055,0.093611,0.099338,0.046495,-0.032408,0.012395,-0.012605,-0.103041,0.24304,0.017582,0.04359,-0.082762,-0.089314,0.126263,0.067809,0.07772,0.017299,0.099626,0.175766,-0.013109,-0.008673,0.070095,0.003143,-0.088228,0.161687,0.422222,0.127148,0.094536,0.114738,0.082799,0.038006,0.124238,-0.222222,-0.017915,-0.036814
Y2017M10,-0.018085,0.069876,-0.010949,-0.019028,0.083206,0.100733,0.020207,-0.001266,0.032374,-0.090909,0.028156,-0.09825,0.156463,-0.212903,0.065685,-0.012172,0.040378,0.028186,-0.00597,-0.005063,0.021637,0.052606,0.033247,0.12851,0.010753,0.006523,-0.008519,0.009132,-0.053628,0.032991,-0.061905,-0.038462,0.023665,-0.008324,0.012567,-0.03945,-0.141803,0.021277,-0.02207,-0.007507,-0.034356,0.015496,0.002914,0.053971,0.044119,-0.035782,0.096847,0.038688,-0.045367,-0.158967,0.036145,-0.021778,0.01594,0.019167,0.01617,-0.015094,0.038744,0.00216,-0.054361,0.031904,-0.009457,-0.025411,-0.184229,-0.173077,0.02933,0.078409,-0.046433,-0.097154,0.023622,0.042063,0.077842,0.299484,0.051437,-0.03125,-0.036585,-0.085642,0.06655,0.032197,0.083154,0.035373,-0.085714,0.063571,0.028875
Y2017M11,0.15493,-0.004346,0.044133,0.009698,0.053062,0.037854,-0.088878,-0.001276,0.01777,-0.152174,0.017008,0.074627,-0.241177,-0.057377,-0.016393,-0.118644,-0.051974,-0.004519,0.018393,0.075064,0.029834,0.007438,0.027804,0.052006,0.010638,0.061535,-0.00379,-0.031674,-0.115,0.06723,0.046773,-0.093333,-0.017173,0.017523,0.060284,0.011584,0.103969,-0.002867,-0.007418,-0.033477,-0.00615,-0.007153,0.049971,0.001024,0.042363,0.195638,0.128337,-0.037165,0.025126,-0.066236,0.011628,0.060249,0.040257,0.007721,-0.179229,-0.02682,-0.187866,0.051724,0.100659,0.255314,0.022984,0.163497,0.432849,0.389535,0.03144,0.24236,0.138955,-0.078145,0.111966,-0.020495,0.008726,0.116,0.01295,-0.16129,-0.050633,-0.019284,0.032698,0.010032,-0.045054,0.046135,0.390625,-0.004678,0.046261
Y2017M12,0.079737,-0.007914,-0.034776,-0.067236,-0.054257,0.061323,0.006689,0.024422,0.021431,0.264249,-0.005961,-0.118056,0.310078,-0.113043,0.0148,0.225592,-0.030068,0.011121,-0.049392,0.056213,0.011294,0.020766,0.007176,-0.044961,-0.052632,0.024802,0.01187,-0.065421,-0.110169,-0.010226,-0.04623,0.147059,-0.086022,0.052364,-0.026756,0.022979,-0.001924,0.009958,-0.022422,0.014072,0.005625,0.049157,-0.016049,0.049108,0.013133,0.067792,-0.068244,0.032536,0.080731,0.029412,-0.005747,-0.072461,-0.009785,0.013728,0.017347,0.230315,-0.046745,-0.02487,0.058706,0.061485,-0.090121,-0.055482,0.240597,0.196653,0.006704,-0.007634,-0.005214,0.040987,-0.080323,0.015814,0.000508,0.358423,-0.015737,0.057692,-0.070533,-0.113483,-0.066227,0.045806,0.02335,-0.020143,0.058292,0.174935,-0.045232
Y2018M1,0.111208,0.100896,0.010294,-0.018307,0.055608,0.054381,0.274363,-0.007576,-0.020109,-0.079918,0.014278,0.007874,0.053254,0.058824,0.077224,-0.100181,0.083061,0.078951,0.010105,0.083473,0.05178,-0.017631,0.071818,0.016511,0.011111,0.090098,-0.038898,0.1,-0.024339,0.080986,-0.024608,-0.004551,-0.048235,0.035843,0.127148,-0.053454,0.036354,0.012676,0.144422,-0.01497,-0.027405,-0.038356,0.066367,0.095013,0.023477,-0.064367,-0.073242,0.053452,-0.033446,-0.016807,0.023121,-0.09188,0.026084,-0.026642,0.253761,0.102564,-0.115949,0.008502,-0.03725,0.106011,-0.031238,-0.005594,-0.10924,0.090909,0.056354,0.068004,0.082809,0.053244,-0.113247,0.062777,0.071942,0.147757,0.15407,0.054545,0.190504,-0.105769,0.030869,0.012475,0.408106,-0.042638,0.051089,-0.064444,-0.034899
Y2018M2,-0.006255,0.008404,-0.032897,0.121212,-0.043041,-0.02543,-0.339996,-0.047375,-0.012174,-0.008909,-0.070101,-0.0375,0.044944,-0.064815,-0.139478,0.041807,-0.019447,-0.059349,0.048095,-0.050672,-0.037028,0.021729,-0.021204,-0.07309,-0.087912,-0.040586,0.001096,-0.081818,0.073753,0.01312,-0.038609,0.012717,-0.034302,-0.10835,-0.070122,-0.061251,-0.079325,-0.021008,-0.072874,-0.017173,-0.009449,-0.07165,-0.048523,-0.093511,0.030617,-0.052559,-0.106428,-0.08551,-0.039989,0.14188,-0.129944,-0.103421,-0.052513,-0.101083,-0.136,-0.15407,-0.180967,-0.03372,-0.113582,-0.102602,0.068423,-0.066667,-0.114533,-0.144231,-0.026838,0.066123,-0.127783,-0.133304,-0.174364,-0.038943,0.004069,-0.110152,-0.010076,0.086207,0.036269,0.075269,-0.048626,-0.034641,0.077987,-0.012875,-0.040404,-0.066033,-0.046005
Y2018M3,-0.080252,-0.010913,0.042328,0.010395,0.015942,0.24366,0.082949,-0.00406,-0.008451,-0.040816,0.012432,0.102273,-0.010753,-0.125941,0.085327,0.020712,0.013895,-0.019877,-0.022394,-0.085512,-0.020067,0.352489,-0.028872,0.001421,0,-0.025339,-0.002284,0.039604,0.051515,-0.000469,-0.011209,-0.046531,-0.0392,0.017153,-0.040984,-0.031779,-0.049644,-0.07094,-0.046579,0.00109,-0.023985,0.007231,-0.003326,0.037684,-0.176214,0.059541,0.067217,-0.059957,0.042394,0.116767,-0.136364,0.032821,0.05389,-0.035361,-0.094444,-0.049828,0.080635,0.009934,-0.014337,-0.117257,0.060539,-0.031722,-0.028676,0.265918,0.006971,0.068147,-0.005549,-0.012525,0.106164,-0.001611,-0.037746,0.29946,0.038412,0.253968,0.00186,-0.084667,0.032342,-0.009499,0.013625,0.149648,-0.031579,0.190224,0.044677
Y2018M4,0.048332,0.023512,0.052212,-0.027778,0.046099,0.206265,0.013982,0.021888,-0.024964,0.040189,-0.010482,-0.004418,-0.217391,-0.005324,-0.136513,0.076728,-0.110742,-0.038426,0.092348,-0.001191,0.003198,0.026765,0.002088,0.008749,-0.060241,0.017113,-0.014225,0.038095,-0.110471,-0.001641,0.009717,-0.021184,-0.019983,0.094941,-0.020513,0.027596,0.014969,-0.046549,-0.00458,-0.002038,0.002129,0.01641,0.09733,0.142963,-0.104311,0.207479,-0.016575,0.056218,-0.073909,-0.127346,0.082707,0.007209,0.056176,-0.002457,-0.096114,0.039855,-0.007932,0.014328,0.013636,0.052214,-0.074138,0.00156,0.13505,0.162722,-0.006833,0.153846,-0.074777,0.089295,0.092879,-0.061069,-0.001189,-0.033797,-0.244143,-0.101266,0.130455,0.04428,0.070126,0.033654,0.057931,0.017316,-0.01087,0.059838,0.009579
Y2018M5,-0.037944,0.053313,0.072502,0.006349,0.016193,0.284174,0.109113,0.010782,-0.031383,-0.093182,0.045702,0.047337,0.000764,-0.054777,0.069231,0.346746,0.065847,-0.00444,0.061077,-0.066844,0.028054,0.02321,0.043465,0.044069,0.025641,0.012403,0.014149,-0.06422,-0.359611,0.07017,0.060545,0.131826,-0.052676,0.029942,-0.104712,-0.014605,-0.055079,0,-0.151584,0.004272,0.002925,0.008829,-0.023315,0.000947,0.138492,0.003212,0.016854,-0.031779,-0.024803,0.167435,0.034722,0.091407,-0.01492,0.040369,-0.2319,0.013937,0.099554,0.017121,-0.020957,-0.029178,0.066165,0.480685,0.217488,0.058524,0.037207,0.146417,0.159228,0.04821,0.21152,0.029455,0.074996,-0.069959,-0.094617,-0.253521,1.289528,0.017668,0.090695,0.056731,0.125264,0.110932,0.39011,0.116129,-0.028178
Y2018M6,0.08609,-0.001268,0.043226,0.076761,-0.081131,0.005723,-0.15027,0.018792,0.01654,-0.18481,0.002609,0.110169,-0.021581,0.072289,-0.05036,0.01362,-0.041844,-0.079801,-0.026992,-0.033766,0.006512,0.01853,0.005664,-0.011001,0.0125,0.034198,0.007137,0.019608,0.114671,0.015473,0.020548,-0.002604,0.009865,0.005688,-0.066277,0.045138,-0.038067,0.017123,-0.021978,0.00746,0.003721,0.01757,-0.050337,0.03483,-0.054026,0.097187,-0.028729,0.001525,-0.004959,0.057895,-0.020134,0.028989,-0.013113,0.018613,-0.073638,-0.001718,0.129189,0.01179,0.093067,0.169338,-0.021924,-0.036881,0.056364,0.230769,0.015398,0.0375,0.069719,-0.002277,-0.092751,-0.024027,-0.010839,-0.165929,-0.029091,0.150943,0.224215,-0.053472,-0.01442,-0.048145,0.113282,0.059173,-0.12253,-0.04841,0.020331
Y2018M7,0.076142,0.015546,0.098949,-0.011719,0.008728,-0.058232,-0.164758,0.01061,0,0.034161,-0.049436,0.152672,-0.113475,0.157303,-0.026644,0.013437,0.104352,0.033677,-0.069416,0.079301,0.033128,0.057089,0.034443,0.082179,-0.074074,0.023742,-0.012607,-0.100961,0.057489,0.104879,-0.006839,-0.033943,0.000888,0.015539,-0.012526,0.040509,0.126718,-0.001698,0.060947,0.004286,0.005309,0.039961,-0.00765,-0.018921,0.015709,-0.009034,-0.018202,0.126346,-0.109953,-0.006841,-0.006849,0.038762,0.002637,0.052618,0.220986,0.1,0.011728,0.018008,0.030226,0.019332,0.018438,0.0186,-0.064544,-0.042969,0.015279,-0.001575,0.002918,0.073482,-0.022337,0.112791,0.023672,0.064,-0.08427,-0.04918,0.113553,-0.096654,0.012466,0.083707,-0.137905,0.02756,0.018018,-0.005315,0.04738
Y2018M8,0.029753,0.082633,-0.004277,0.106719,0.167617,0.025378,0.143945,0.007926,-0.04291,-0.045045,0.01764,0.086093,-0.088,0.427185,0.053186,0.128755,0.084917,0.046421,0.103423,-0.069116,0.034425,0.066964,0.048431,-0.013006,-0.053333,0.059138,0.012984,-0.032086,0.236051,0.043476,0.017215,0,0.118012,-0.034751,-0.029598,-0.05228,0.020408,0.013722,-0.107335,0.020223,0.001346,0.018027,-0.020925,0.057798,-0.127802,-0.061268,0,-0.015057,0.010012,-0.019411,0.206897,0.009829,0.06951,0.028255,-0.210937,-0.128527,0.199288,0.058273,0.008805,0.091034,0.052183,0.035016,0.063018,-0.071429,0.065521,0.260252,0.021339,0.040887,-0.20123,0.007575,0.073155,0.203007,0.067485,0.051724,-0.203947,0.123457,0.007243,0.061561,0.089584,0.133981,0.044248,-0.079008,0.023954
Y2018M9,0.094433,0.020513,-0.048213,0.0125,-0.047115,0.041839,-0.066578,-0.030343,0.053411,-0.05414,-0.075427,-0.07622,0.035088,0.047619,0.026119,-0.031179,0.030065,0.037079,-0.080666,-0.000669,0.001652,0.011716,0.007261,-0.034006,0.014084,0.009954,-0.002704,0.088398,-0.08912,-0.072925,-0.035579,-0.127027,0.079365,0.024357,0.041394,-0.037751,0.063302,0.001706,0.002004,0.019969,-0.023272,0.04115,-0.070304,0.133091,-0.01622,0.063911,-0.075319,0.065356,-0.038501,-0.199234,-0.114286,-0.031894,0.044591,-0.055644,0.092409,-0.102518,-0.12364,0.028942,-0.049044,-0.075873,-0.083897,0.009356,0.110775,-0.151648,-0.003842,-0.014184,-0.007597,-0.006268,0.110011,0.04318,-0.007391,-0.041667,-0.110251,0.04918,0.128099,-0.074725,-0.026606,0.008981,0.017542,-0.234482,0.118644,-0.023274,-0.010145
Y2018M10,0.048294,-0.105918,0.017163,0.016755,-0.056713,-0.296757,-0.161912,-0.076712,-0.073011,-0.124579,-0.126254,-0.039824,-0.220339,-0.103896,-0.02,-0.151884,0.064862,-0.121217,-0.123708,-0.134538,-0.073767,-0.227461,-0.081067,-0.146975,0.063889,-0.080996,-0.009143,-0.249746,-0.205337,-0.080582,-0.025903,0.063158,-0.041765,-0.113282,-0.016736,-0.067721,0.094239,0.042955,-0.03592,-0.082764,-0.046814,-0.084887,-0.210768,-0.143211,-0.012715,-0.07233,-0.066416,-0.136001,-0.170882,-0.200957,-0.051613,-0.001828,-0.023153,-0.124844,-0.137462,-0.088353,-0.180587,-0.115422,-0.011801,0.022329,-0.08678,-0.235427,-0.108687,0.025907,-0.11114,-0.068673,-0.185455,-0.047519,0.001982,-0.173642,-0.084785,0.069869,-0.06087,-0.046875,-0.274725,-0.116466,-0.089361,-0.032745,-0.193382,-0.151125,0.419697,-0.015631,0.029964
Y2018M11,0.002764,0.013042,0.004589,-0.120555,0.006657,-0.188472,0.185532,0.028401,-0.053417,0.1,0.061875,0.063932,-0.093565,-0.23913,-0.093633,0.016256,0.087501,0.084761,0.017494,-0.085847,0.018986,-0.085244,0.015082,0.031726,-0.046997,0.024821,0.014397,0.102842,0.102654,0.041568,0.169621,0.021549,0.01504,-0.015634,-0.048936,0.084836,0.066942,0.051495,-0.004184,0.021672,0.045392,0.080491,-0.08539,-0.004845,0.272997,0.178316,0.026846,0.030196,0.072866,0.035928,-0.054422,0.014481,0.047927,0.043698,0.183888,-0.0837,-0.032615,-0.005482,0.062444,0.001344,0.01294,0.086746,0.064248,-0.15404,0.019949,-0.089304,-0.077538,-0.002714,0.073195,0.08274,-0.020161,-0.2,0.032407,-0.196721,-0.176768,-0.1,0.084847,0.031902,-0.051859,0.068182,-0.323372,-0.037931,0.065302
Y2018M12,-0.127412,-0.06412,-0.033966,-0.008876,-0.121126,-0.250413,-0.040919,-0.090776,-0.046772,0.304255,-0.119888,-0.138919,-0.028684,-0.238095,-0.024793,-0.089579,-0.079044,-0.182286,-0.154738,-0.081218,-0.091335,-0.046985,-0.085063,-0.0465,-0.010959,-0.090952,0.00507,-0.100613,-0.266821,-0.10348,-0.090456,0.076967,-0.10886,-0.124489,-0.167785,-0.115182,-0.192984,-0.046178,-0.058824,-0.071717,-0.00927,-0.126026,-0.143647,-0.094876,-0.090495,-0.131558,-0.04,-0.111605,-0.236544,-0.190751,-0.117986,-0.05721,-0.079008,-0.094795,-0.016272,0.137019,-0.214286,-0.03915,-0.145032,-0.072825,-0.007209,-0.149031,-0.241478,-0.155224,-0.089461,-0.064774,-0.235099,-0.162358,-0.121659,-0.107616,-0.078848,-0.125128,-0.281179,-0.306122,-0.098159,-0.031313,-0.181409,-0.158088,-0.064551,-0.121184,-0.029968,-0.043826,-0.070945
Y2019M1,0.057213,0.107737,0.016974,0.106468,0.080838,0.261789,-0.163174,0.162338,0.063598,0.165307,0.059968,0.064532,0.530864,0.15,0.064407,-0.090863,0.314313,0.167951,0.178707,0.115101,0.084876,0.029992,0.074461,0.133718,-0.024931,0.089924,0.033688,0.215553,0.11432,0.116197,0.014487,0.069793,-0.030709,0.112119,0.010753,0.191036,0.057515,0.097643,0.074683,0.095941,0.068598,0.122555,0.140536,0.097343,0.168928,-0.078672,0.227669,0.056305,0.221904,0.054762,0.200653,0.120257,0.073431,0.154871,0.051128,0.199153,0.469433,0.066356,0.142433,0.030182,0.07503,0.098074,0.329182,0.095406,0.113586,0.142674,0.246753,0.162426,0.072403,0.110545,0.088539,-0.065651,0.031546,0.164706,0.251701,0.182784,0.125842,0.153586,0.2684,0.068596,0.091057,0.040681,0.067543
Y2019M2,0.171315,0.077515,0.06557,0.180755,0.071283,-0.148795,0.115385,0.005626,-0.000139,0.119925,0.09142,-0.036654,-0.024194,0.043478,0.047447,0.012148,0.122566,0.01181,0.066935,0.016515,0.035071,0.061274,0.040664,0.014107,0.137784,0.014367,0.011046,-0.085297,0.185303,0.101808,0.03885,0.01682,0.069841,0.023048,0.037234,0.05174,-0.008719,0.049459,0.025317,0.048316,0.023441,0.052962,0.047366,0.038377,0.068911,0.129566,-0.027285,0.132895,-0.002981,-0.002257,-0.014946,0.040852,0.067902,0.054216,0.103004,-0.088339,0.067527,0.058952,-0.050989,0.04024,0.068668,-0.072036,-0.034623,-0.019355,0.0674,0.183633,0.138088,0.030115,0.142857,0.046164,0.054225,0.016311,0.042813,0.388889,0.266304,-0.098832,0.065814,0.007711,0.054786,0.017239,0.208644,-0.002701,0.049342
Y2019M3,0.007937,0.017864,-0.085618,-0.057121,-0.06638,0.07263,-0.058541,0.059155,0.101092,-0.016667,-0.098349,-0.100976,-0.132231,-0.166667,-0.064875,-0.121096,0.011891,-0.121884,-0.095994,-0.053615,0.01414,-0.123774,0.027305,0.001596,-0.09613,0.02326,0.021229,-0.13865,0.112609,-0.021733,-0.001496,-0.0401,-0.155105,0.021205,-0.079487,0.017431,-0.111252,0.038576,-0.047325,0.001133,0.036871,0.032765,-0.105522,0.069368,0.001859,-0.022067,0.019612,0.030777,-0.060391,0.049774,-0.073103,0.012355,0.047895,0.017199,0.022049,0.013566,-0.003488,0.002062,-0.028254,-0.161268,-0.063732,-0.115992,0.042194,-0.210526,0.018771,-0.018294,0.076038,0.081207,-0.398116,0.018804,0.040728,-0.059627,-0.217262,-0.229091,-0.038627,-0.052841,-0.109977,0.000169,-0.0043,-0.073757,-0.197287,0.017156,0.017198
Y2019M4,0.049494,0.052462,0.040796,0.074313,0.10081,0.047819,0.054515,-0.004016,-0.079684,0.061966,0.103356,0.149213,-0.047619,-0.087125,0.008005,0.014339,-0.052449,0.081625,0.036539,0.141631,0.039232,0.017657,0.039506,-0.028005,-0.082873,0.063482,0.004101,0.054131,0.024226,0.074365,0.033708,-0.007311,0.003679,-0.000151,0.058496,0.06275,-0.153311,0.017266,0.093535,0.010912,-0.004652,0.033012,0.185748,-0.021964,0.041012,-0.036278,0.144039,-0.035552,0.022873,0.107759,-0.014881,0.053202,0.04271,0.032026,-0.124365,-0.160919,-0.034097,0.022917,-0.122259,0.047967,0.136141,-0.00747,-0.065182,-0.033333,0.037551,-0.033155,-0.049945,-0.024463,-0.163585,0.028054,0.066632,0.188904,0.292776,0.061321,0.03125,0.005365,0.090621,0.08756,0.039208,0.056979,0.115207,-0.007545,0.007776
Y2019M5,0.037513,-0.070444,-0.038961,-0.093985,-0.0628,-0.328952,-0.210016,0.001353,0,-0.146479,-0.063602,-0.117564,0.38,0.000274,0.176955,-0.164106,-0.14533,-0.057783,-0.113047,-0.133299,-0.064073,-0.101148,-0.05274,0.007964,-0.006024,-0.060613,0.010842,-0.233784,0.035217,0.021599,-0.031522,0.063908,0.002701,-0.111027,-0.181579,0.019263,-0.070749,-0.022792,-0.132265,-0.018993,0.020969,-0.045238,-0.114785,-0.106286,-0.149705,-0.121581,-0.020528,-0.074943,-0.161449,-0.184825,-0.241692,-0.025517,5.4e-05,0.025868,0.176812,-0.091324,-0.287839,-0.04277,-0.060908,-0.109775,-0.183383,-0.177029,-0.102209,-0.176724,-0.038629,-0.04734,-0.05303,-0.016231,-0.314626,-0.092007,-0.095671,-0.186667,0.055882,-0.324444,-0.311688,-0.23159,-0.065946,-0.020886,-0.073568,-0.071052,-0.190083,0.053667,-0.001909
Y2019M6,0.023502,0.059425,0.01259,0.102905,0.072768,0.016322,0.140082,0.02585,-0.011332,-0.01999,0.039941,0.119048,0.094203,-0.007529,-0.020629,0.055473,0.152576,-0.090643,0.057104,0.062112,0.068721,0.329078,0.061094,-0.006739,0.006061,0.068931,0.019163,0.098765,0.041381,0.069693,0.055723,-0.044468,0.072542,0.093865,0.141479,0.028971,0.108026,0.033774,0.057737,0.027167,0.06828,0.042094,0.07103,0.080529,0.153889,0.057493,0.024751,0.035548,0.093011,0.472554,-0.041833,0.013052,0.075018,0.056076,0.006158,0.268844,0.037521,0.104255,-0.044222,-0.048224,0.285075,0.121261,0.216594,-0.109948,0.072315,0.074978,0.163636,0.003666,-0.439206,0.118002,0.078849,-0.038251,0.031073,0.111842,0.050314,0.034722,0.031912,0.075123,0.07003,0.102218,-0.04932,0.095925,0.026739
Y2019M7,0.100177,0.016021,0.065822,0.103837,0.0372,-0.053533,0.009866,0.028037,0.033897,0.036911,0.011024,-0.021994,-0.10596,0.2,-0.00839,-0.124737,-0.031462,0.014608,0.056014,0.008354,0.015897,0.062255,0.011361,0.10131,-0.14759,0.010105,-0.000926,0.597111,0.043881,0.09756,-0.007988,0.041489,0.126659,-0.015853,-0.050704,-0.011309,-0.003292,0.065808,-0.074236,0.013562,-0.004549,0.025534,0.02542,-0.029469,-0.031166,0.012706,0.223413,0.147698,0.097393,-0.128039,-0.058212,0.007776,0.021728,-0.04191,-0.178703,0.170635,0.015738,0.038996,0.001542,-0.025334,-0.022785,0.064746,-0.049564,0.282353,0.015768,-0.129278,0.09625,0.068493,-0.243363,-0.013088,0.045732,-0.048641,0.084931,-0.029586,0.047904,0.028494,0.014278,0.014241,-0.120685,0.149573,0.073345,-0.02732,-0.006021
Y2019M8,0.043578,-0.027798,-0.066331,-0.05317,-0.048006,-0.625,0.119893,0.006536,-0.036885,-0.132553,-0.008794,-0.102909,0.091037,-0.166552,-0.127907,-0.014412,-0.085632,-0.056108,-0.069901,-0.032311,-0.021131,-0.101142,-0.006893,-0.057149,0.042403,-0.006093,0.007388,0.01005,0.054414,0.012901,-0.007687,-0.034219,-0.092834,-0.083254,0.204748,0.046569,-0.052166,-0.060811,-0.115566,-0.006006,0.037756,0.056531,-0.143811,-0.103369,-0.084961,-0.046424,0.04028,0.030119,0.039444,-0.182156,-0.072848,0.072201,0.022704,-0.00971,-0.071535,0.223729,-0.347369,0.004681,-0.109572,0.126654,-0.064443,-0.008019,-0.10972,-0.536697,-0.029451,-0.068547,-0.128658,-0.092341,-0.140351,-0.009247,-0.029139,-0.108271,0.141414,-0.146341,0.028571,-0.006596,-0.046562,0.009053,-0.090529,-0.012325,-0.161667,0.126835,0.020061
Y2019M9,-0.056264,-0.018119,0.02167,0.008279,0.061516,0.211161,0.120936,0.040523,0.008851,0.128821,-0.003555,0.119482,-0.263562,0.096263,0.125417,0.143908,-0.078416,-0.008394,0.065208,0.045377,0.018301,0.214953,0.003393,-0.060613,0.013559,-0.002603,0.015681,0.00199,0.127353,0.0163,0.023014,0.002729,0.137967,0.039674,0.046798,0.021773,0.080485,0.082609,0.072,0.013651,-0.01529,0.028677,0.014291,0.055429,0.124124,0.132895,0.076676,-0.012141,0.06684,0.148864,0.107143,0.042126,-0.037856,0.030833,0.038523,-0.116343,0.368179,-0.009337,0.094767,0.088682,0.241583,0.028369,0.023899,0.356436,-0.017781,-0.001413,0.094438,0.035198,0.047619,0.030104,0.01862,0.05102,0.167785,0.121429,0.127778,0.021912,0.022714,-0.073372,-0.088953,-0.034175,0.120278,-0.110954,0.032739
Y2019M10,0.015137,0.014348,0.062425,0.139593,0.043198,-0.210461,0.03219,0.020228,0.019084,-0.018133,0.041741,0.016673,0.157002,-0.031325,0.022769,0.025733,-0.053806,-0.01876,0.057327,0.013923,0.021465,0.078462,0.017485,0.03598,-0.110368,0.011316,0.002368,0.003972,0.023969,0.002126,0.041727,0.007563,0.095481,-0.020946,0.070588,-0.028191,-0.009582,0.044474,0.012751,0.007026,-0.008072,0.040686,-0.010796,-0.024368,0.165579,0.041716,0.024733,0.006993,0.054312,0.050445,0.032258,0.007872,-0.030145,0.051996,0.004637,0.144654,-0.015075,0.029552,0.064277,-0.04422,0.029354,-0.051232,0.136842,0.080292,0.010607,0.071081,-0.182543,-0.034932,0.025974,0.056164,0.038196,0.084142,-0.005747,-0.133758,-0.019704,0.068943,0.051532,0.021802,0.073948,-0.044781,-0.070098,0.027822,-0.042419
Y2019M11,0.071576,0.079448,0.028721,-0.058897,0.056676,-0.277603,-0.120631,0.002494,0.027882,-0.015513,0.025685,0.001915,-0.003984,-0.376686,-0.068323,0.045296,0.026559,0.062719,0.00276,0.057351,0.037915,0.081259,0.034369,0.0558,0.270677,0.025972,-0.000924,0.000989,0.066769,-0.033722,0.017519,0.059932,0.130949,0.016046,0.127473,0.011921,0.09634,0.012987,-0.022727,0.003758,-0.003627,0.06009,0.069182,-0.022351,0.19251,0.007874,-0.076987,0.051002,-0.008682,-0.016949,0.204167,-0.027801,-0.028115,-0.033711,0.221538,-0.016484,0.033679,0.073083,-0.055831,0.116071,0.057034,-0.001038,0.136876,-0.094595,0.056139,-0.263751,0.030229,-0.057511,-0.012658,0.061876,0.055045,-0.083582,0.055877,0.161765,-0.080402,-0.040541,0.035762,0.048084,0.094812,0.023209,-0.259542,-0.102862,-0.018693
Y2019M12,-0.014558,0.004504,-0.001773,-0.001332,0.024644,0.60262,-0.056898,0.010013,0.009231,-0.065184,0.033445,0.060693,0.112,0.041771,-0.02902,0.115359,0.053783,0.127551,-0.01337,0.027502,0.027929,-0.060863,0.027864,0.064693,-0.005917,0.014583,0.016412,-0.000988,-0.060072,0.046759,-0.031735,-0.002469,0.043576,0.06002,0.005848,0.057984,-0.010738,0.009032,0.069767,0.030492,-0.000603,-0.010443,-0.01782,0.147707,-0.008903,-0.054018,-0.081605,0.031938,-0.02271,-0.024904,0.029412,-0.034899,0.036374,0.048543,0.005038,0.106145,0.160043,0.052886,-0.032195,0.060351,0.064109,-0.041001,0.05949,-0.402239,0.013668,0.110197,0.110033,0.077328,-0.205128,0.024,0.041516,0.014778,0.114181,0.170886,0.213115,0.085787,0.02532,0.072785,0.028316,-0.019678,0.030928,0.137931,0.047563
